Game,date
"9 Gonzaga 101, 11 Baylor 63 [70]MVP: Nolan Hickman (17p/6r/1a/2s)",11/4/24
"30 Ohio St. 80, 18 Texas 72 [71]MVP: Tre Johnson (29p/5r/4a/1b/2s)",11/4/24
"66 UCF 64, 16 Texas A&M 61 [67]MVP: Darius Johnson (24p/3r/5a/3s)",11/4/24
"42 Memphis 83, 52 Missouri 75 [74]MVP: PJ Haggerty (25p/6r/5a/1s)",11/4/24
"94 Santa Clara 85, 105 Saint Louis 78 [73]MVP: Adama-Alpha Bal (24p/4r/2a/2s)",11/4/24
"96 Vermont 67, 81 UAB 62 [63]MVP: Yaxel Lendeborg (22p/15r/5b/2s)",11/4/24
"101 Wichita St. 91, 132 Western Kentucky 84 [83]MVP: Justin Hill (31p/8r/6a/3s)",11/4/24
"26 Florida 98, 102 South Florida 83 [77]MVP: Walter Clayton (29p/4r/3a/2b/1s)",11/4/24
"138 Charleston 90, 145 Southern Illinois 80 [78]MVP: Ante Brzovic (27p/9r/4a/2b/1s)",11/4/24
"123 Arkansas St. 80, 130 Akron 75 (OT) [83]MVP: Joseph Pinion (16p/3r/1b/1s)",11/4/24
"168 James Madison 88, 118 Ohio 78 [71]MVP: Xavier Brown (23p/6r/2a/3s)",11/4/24
"137 Lipscomb 77, 142 Duquesne 72 [75]MVP: Jacob Ognacevic (30p/10r/1s)",11/4/24
"104 Florida Atlantic 97, 157 Indiana St. 64 [83]MVP: Niccolo Moretti (19p/5r/4a)",11/4/24
"136 Kent St. 70, 152 Louisiana 66 [67]MVP: VonCameron Davis (17p/3r/2a/1b/1s)",11/4/24
"181 South Dakota St. 80, 103 McNeese 73 [74]MVP: Oscar Cluff (14p/14r/2a/1b/1s)",11/4/24
"73 Nevada 91, 114 Sam Houston St. 75 [69]MVP: Nick Davidson (26p/10r/3a/2b/2s)",11/4/24
"126 Troy 84, 177 Toledo 74 [75]MVP: Sonny Wilson (17p/5r/5a/1s)",11/4/24
"210 Northeastern 80, 233 Boston University 72 [65]MVP: LA Pratt (24p/3r/1a/2s)",11/4/24
"182 UNC Greensboro 73, 207 Florida Gulf Coast 64 [65]MVP: Donovan Atwell (17p/3r/2a/1s)",11/4/24
"288 Army 67, 238 Albany 59 [67]MVP: Josh Scovens (22p/5r/2a/1b)",11/4/24
"56 USC 77, 134 Chattanooga 51 [66]MVP: Matt Knowling (13p/2r/4a/1b/1s)",11/4/24
"215 North Alabama 73, 208 Air Force 57 [63]MVP: Ethan Taylor (30p/8r/1a/1b/1s)",11/4/24
"34 Saint Mary's 76, 127 Towson 69 [65]MVP: Jordan Ross (14p/5r/1a/2s)",11/4/24
"227 Harvard 79, 237 Marist 66 [66]MVP: Robert Hinton (27p/4r/1a/1s)",11/4/24
"247 Bucknell 85, 246 Delaware 73 [78]MVP: Noah Williamson (19p/12r/1a/1s)",11/4/24
"267 South Dakota 93, 249 Southern 79 [79]MVP: Tidjiane Dioumassi (30p/3r/2a)",11/4/24
"106 Liberty 83, 226 Valparaiso 63 [68]MVP: Owen Aquino (16p/11r/3a/5b)",11/4/24
"109 Yale 88, 193 Quinnipiac 62 [72]MVP: Isaac Celiscar (18p/8r/2a/1s)",11/4/24
"188 Georgia St. 71, 243 Ball St. 66 [68]MVP: Zarique Nutter (16p/12r/6a)",11/4/24
"330 Siena 72, 244 Brown 71 (OT) [72]MVP: Justice Shoats (23p/3r/1a/4s)",11/4/24
"90 Florida St. 74, 162 Northern Kentucky 62 [77]MVP: Taylor Bol Bowen (17p/6r/2b/3s)",11/4/24
"271 Central Michigan 74, 235 South Alabama 70 [68]MVP: Kyler VanderJagt (16p/1r/1a/1s)",11/4/24
"169 La Salle 65, 232 American 52 [59]MVP: Jahlil White (15p/6r/1a/2s)",11/4/24
"213 Southern Miss 77, 264 Bowling Green 68 [74]MVP: Andre Curbelo (16p/5r/8a/3s)",11/4/24
"212 Miami OH 77, 117 Appalachian St. 63 [72]MVP: Myles Tate (21p/4r/5a/4s)",11/4/24
"295 Coastal Carolina 60, 310 Western Michigan 56 [63]MVP: Noah Amenhauser (10p/5r/1a/2b/2s)",11/4/24
"186 Penn 58, 334 NJIT 57 [64]MVP: Sebastian Robinson (20p/9r/1a/1s)",11/4/24
"74 Princeton 81, 204 Iona 80 [70]MVP: Xaivian Lee (27p/4r/6a/1b)",11/4/24
"209 Columbia 81, 350 Loyola MD 78 [76]MVP: Geronimo Rubio De La Rosa (24p/8r/3a/3s)",11/4/24
"294 Western Illinois 59, 190 San Jose St. 55 [60]MVP: Sean Smith (11p/7r/7a/2s)",11/4/24
"111 Washington St. 100, 229 Portland St. 92 [81]MVP: Cedric Coward (23p/12r/4a/2b/1s)",11/4/24
"122 Rhode Island 96, 251 Fairfield 58 [76]MVP: Sebastian Thomas (18p/3r/7a/1s)",11/4/24
"161 Texas St. 64, 293 Eastern Michigan 44 [64]MVP: Kaden Gumbs (15p/2r/4a/1s)",11/4/24
"143 Oregon St. 80, 266 Utah Tech 57 [70]MVP: Damarco Minor (23p/5r/2a/4s)",11/4/24
"83 Butler 72, 206 Missouri St. 65 [68]MVP: Jahmyl Telfort (29p/4r/2a/2b/2s)",11/4/24
"29 Oregon 91, 170 UC Riverside 76 [71]MVP: Brandon Angel (17p/5r/2a/1b/1s)",11/4/24
"19 St. John's 92, 166 Fordham 60 [74]MVP: Kadary Richmond (16p/9r/5a/1b/1s)",11/4/24
"75 SMU 96, 205 Tarleton St. 62 [74]MVP: Kevin Miller (21p/2r/7a/4s)",11/4/24
"121 St. Bonaventure 70, 252 CSUN 56 [76]MVP: Chance Moore (18p/9r/3a/2s)",11/4/24
"62 New Mexico 91, 187 Nicholls 84 [84]MVP: Nelly Junior Joseph (28p/16r/2a/3b/2s)",11/4/24
"36 Michigan 101, 183 Cleveland St. 53 [75]MVP: Danny Wolf (19p/13r/2a/3b/3s)",11/4/24
"184 Georgia Southern 80, 318 Northern Illinois 65 [74]MVP: James Dent (24p/4r/1a/1b/1s)",11/4/24
"91 Seton Hall 57, 239 Saint Peter's 53 [63]MVP: Chaunce Jenkins (19p/6r/1b/1s)",11/4/24
"135 California 86, 292 Cal St. Bakersfield 73 [73]MVP: Andrej Stojakovic (16p/6r/1a/1s)",11/4/24
"43 Kentucky 103, 198 Wright St. 62 [74]MVP: Otega Oweh (21p/3r/1a/1b/3s)",11/4/24
"97 George Mason 75, 255 North Carolina Central 58 [68]MVP: Jared Billups (8p/10r/2a/1b/2s)",11/4/24
"348 Buffalo 83, 242 Old Dominion 82 [73]MVP: Tyson Dunn (24p/6r/10a/1b)",11/4/24
"128 Charlotte 88, 296 Presbyterian 79 [61]MVP: Giancarlo Rosado (16p/5r/8a/1s)",11/4/24
"86 Saint Joseph's 70, 259 Navy 63 [72]MVP: Erik Reynolds (29p/5r/2a/1b/1s)",11/4/24
"35 Michigan St. 81, 214 Monmouth 57 [72]MVP: Jaden Akins (23p/9r/5a/2b/2s)",11/4/24
"77 Colorado St. 82, 250 North Dakota 56 [74]MVP: Nique Clifford (20p/14r/4a/1b/1s)",11/4/24
"163 DePaul 80, 333 Southern Indiana 78 (OT) [75]MVP: Isaiah Rivera (25p/5r/2a/2b/1s)",11/4/24
"4 Alabama 110, 194 UNC Asheville 54 [74]MVP: Clifford Omoruyi (16p/8r/1a/2b)",11/4/24
"338 Tennessee Martin 67, 201 Illinois St. 65 [77]MVP: Josue Grullon (18p/9r/1a/1s)",11/4/24
"93 UNLV 93, 280 Alabama St. 79 [70]MVP: Jeremiah Cherry (24p/11r/1a/2b)",11/4/24
"253 North Florida 74, 67 South Carolina 71 [69]MVP: Liam Murphy (14p/6r/2a/1b/2s)",11/4/24
"141 Cal Baptist 83, 322 Incarnate Word 78 [67]MVP: Davion Bailey (41p/3r)",11/4/24
"64 Louisville 93, 254 Morehead St. 45 [75]MVP: Kasean Pryor (18p/12r/4a/1b/3s)",11/4/24
"51 Northwestern 90, 268 Lehigh 46 [68]MVP: Nick Martinelli (26p/10r/2s)",11/4/24
"7 Kansas 87, 217 Howard 57 [71]MVP: Hunter Dickinson (16p/6r/1a/2b/3s)",11/4/24
"37 Pittsburgh 96, 262 Radford 56 [71]MVP: Jaland Lowe (21p/5r/6a/3s)",11/4/24
"79 Colorado 76, 282 Eastern Washington 56 [70]MVP: Trevor Baskin (12p/6r/2a/2b/2s)",11/4/24
"24 Clemson 91, 241 Charleston Southern 64 [70]MVP: Chase Hunter (17p/5r/3a/2s)",11/4/24
"55 Grand Canyon 89, 265 Cal St. Fullerton 79 [74]MVP: JaKobe Coles (26p/13r/3a/1b/2s)",11/4/24
"28 UCLA 85, 248 Rider 50 [64]MVP: Tyler Bilodeau (18p/6r/1b/2s)",11/4/24
"139 Temple 81, 336 Sacred Heart 70 [75]MVP: Jamal Mashburn (26p/1r/2a/3s)",11/4/24
"10 Purdue 90, 234 Texas A&M Corpus Chris 73 [73]MVP: Braden Smith (12p/8r/15a/2s)",11/4/24
"116 Massachusetts 103, 323 New Hampshire 74 [80]MVP: Jaylen Curry (9p/6r/12a/4s)",11/4/24
"85 West Virginia 87, 287 Robert Morris 59 [71]MVP: Javon Small (15p/2r/5a/1b/2s)",11/4/24
"99 Stanford 85, 316 Denver 62 [69]MVP: Oziyah Sellers (24p/7r/1b/2s)",11/4/24
"20 Villanova 75, 258 Lafayette 63 [68]MVP: Wooga Poplar (20p/10r/1a/3s)",11/4/24
"22 Marquette 102, 270 Stony Brook 62 [70]MVP: Kam Jones (32p/1r/3a/1s)",11/4/24
"89 Oklahoma St. 89, 309 Green Bay 76 [75]MVP: Bryce Thompson (22p/5r/1a/2s)",11/4/24
"33 Xavier 78, 284 Texas Southern 69 [73]MVP: Zach Freemantle (19p/11r/2a/1b/4s)",11/4/24
"2 Duke 96, 257 Maine 62 [74]MVP: Kon Knueppel (22p/4r/2a/1s)",11/4/24
"60 Providence 59, 303 Central Connecticut 55 [63]MVP: Bensley Joseph (21p/3r/1a/1s)",11/4/24
"158 George Washington 76, 356 Mercyhurst 59 [65]MVP: Darren Buchanan (19p/10r/2a/3s)",11/4/24
"41 VCU 84, 301 Bellarmine 65 [67]MVP: Max Shulga (19p/5r/5a/1b)",11/4/24
"112 Boston College 69, 344 The Citadel 60 [68]MVP: Donald Hand (22p/10r/1b/1s)",11/4/24
"13 Tennessee 80, 276 Gardner Webb 64 [68]MVP: Jordan Gainey (16p/2r/1a/3s)",11/4/24
"57 Nebraska 87, 307 UT Rio Grande Valley 67 [76]MVP: Rollie Worster (18p/9r/3a/1b/4s)",11/4/24
"61 Penn St. 108, 311 Binghamton 66 [73]MVP: Zach Hicks (22p/7r/4a/1b/3s)",11/4/24
"98 Virginia Tech 83, 331 Delaware St. 60 [71]MVP: Martaz Robinson (30p/6r/1s)",11/4/24
"15 North Carolina 90, 297 Elon 76 [75]MVP: RJ Davis (24p/7r/7a/2s)",11/4/24
"8 Arizona 93, 308 Canisius 64 [72]MVP: Jaden Bradley (15p/4r/4a/4s)",11/4/24
"82 Utah 100, 325 Alcorn St. 59 [66]MVP: Gabe Madsen (27p/2r/3a/2s)",11/4/24
"92 Bradley 88, 328 Southeast Missouri 60 [71]MVP: Christian Davis (15p/6r/3a/1b/1s)",11/4/24
"68 Syracuse 86, 335 Le Moyne 82 [77]MVP: Jyare Davis (22p/12r/2a/1s)",11/4/24
"38 Maryland 79, 317 Manhattan 49 [72]MVP: Derik Queen (22p/20r/1a/2b/1s)",11/4/24
"78 Loyola Chicago 79, 340 Chicago St. 72 [74]MVP: Jayden Dawson (20p/3r/1a/2b/1s)",11/4/24
"23 Illinois 112, 332 Eastern Illinois 67 [83]MVP: Will Riley (31p/7r/3a/1b)",11/4/24
"32 Mississippi St. 95, 329 West Georgia 60 [73]MVP: Josh Hubbard (26p/2r/2s)",11/4/24
"65 Georgia 83, 342 Tennessee Tech 78 [72]MVP: Asa Newell (26p/11r/3b/1s)",11/4/24
"54 Miami FL 113, 352 Fairleigh Dickinson 72 [74]MVP: Lynn Kidd (24p/9r/1s)",11/4/24
"47 Wisconsin 85, 343 Holy Cross 61 [67]MVP: John Tonje (23p/5r/1a/1s)",11/4/24
"1 Houston 97, 324 Jackson St. 40 [68]MVP: Mylik Wilson (15p/3r/3a/2s)",11/4/24
"53 N.C. State 97, 349 USC Upstate 66 [74]MVP: Breon Pass (14p/2r/2a)",11/4/24
"46 Mississippi 90, 354 LIU 60 [74]MVP: Jaylen Murray (24p/3r/2a/1b)",11/4/24
"40 Oklahoma 93, 346 Lindenwood 60 [73]MVP: Duke Miles (14p/6a/2s)",11/4/24
"27 Dayton 87, 351 Saint Francis 57 [71]MVP: Zed Key (14p/6r/3b)",11/4/24
"58 TCU 105, 353 Florida A&M 59 [70]MVP: Frankie Collins (14p/7r/5a/4s)",11/4/24
"17 Cincinnati 109, 355 Arkansas Pine Bluff 54 [75]MVP: Dan Skillings (17p/11r/4a/1b/1s)",11/4/24
"95 Vanderbilt 102, 362 Maryland Eastern Shore 63 [72]MVP: Devin McGlockton (24p/13r/2b)",11/4/24
"31 Iowa 89, 360 Texas A&M Commerce 67 [77]MVP: Payton Sandfort (20p/11r/7a/3b/1s)",11/4/24
"44 Wake Forest 64, 363 Coppin St. 49 [72]MVP: Omaha Biliew (11p/4r/1a/1b/3s)",11/4/24
"6 Iowa St. 83, 364 Mississippi Valley St. 44 [74]MVP: Tamin Lipsey (16p/1r/4a/2b/3s)",11/4/24
"359 VMI 103, NR Washington MD 54 [73]MVP: Augustinas Kiudulas (27p/7r/2a/2s)",11/4/24
"302 Tennessee St. 96, NR Fisk 66 [74]MVP: Ronald Jessamy (23p/14r/4a/2b)",11/4/24
"263 Western Carolina 100, NR Bob Jones 61 [78]MVP: Marcus Kell (16p/7r/3a/1b)",11/4/24
"224 William & Mary 84, NR Dickinson 36 [74]MVP: Gabe Dorsey (16p/1r/1b/3s)",11/4/24
"165 Winthrop 125, NR Piedmont 65 [83]MVP: Kelton Talford (17p/9r/1a/1b/1s)",11/4/24
"110 Wofford 112, NR Erskine 58 [82]MVP: Justin Bailey (16p/3r/2a/5s)",11/4/24
"358 Stonehill 81, NR Framingham St. 62 [73]MVP: Josh Morgan (25p/4r/3a/3s)",11/4/24
"160 Abilene Christian 107, NR Howard Payne 74 [97]MVP: Quion Williams (20p/8r/4a/2b/1s)",11/4/24
"178 Montana 92, NR Hawaii Hilo 61 [73]MVP: Kai Johnson (27p/2r/3a/3s)",11/4/24
"221 Drexel 95, NR Georgian Court 43 [72]MVP: Horace Simmons (24p/2b)",11/4/24
"275 Austin Peay 95, NR Union 75 [72]MVP: Tekao Carpenter (15p/3r/2a/1s)",11/4/24
"164 Cornell 93, NR Marywood 52 [68]MVP: Jake Fiegen (16p/3r/2a/1s)",11/4/24
"172 Milwaukee 118, NR Lakeland 62 [83]MVP: Jamichael Stillwell (18p/14r/2a)",11/4/24
"222 Illinois Chicago 91, NR St. Francis IL 43 [72]MVP: Javon Jackson (21p/4a/5s)",11/4/24
"202 St. Thomas 96, NR North Central MN 71 [77]MVP: Ben Oosterbaan (14p/10r/1a/1s)",11/4/24
"312 Morgan St. 89, NR Frostburg St. 76 [79]MVP: Wynston Tabbs (24p/2r/2a)",11/4/24
"240 Little Rock 84, NR Arkansas Baptist 64 [74]MVP: Mwani Wilkinson (21p/9r/1b/3s)",11/4/24
"171 Belmont 93, NR Maryville TN 70 [75]MVP: Isaiah Walker (19p/5r/3a/1s)",11/4/24
"260 Long Beach St. 93, NR La Verne 48 [73]MVP: Devin Askew (20p/5r/5a/1s)",11/4/24
"286 Pacific 92, NR Jessup 65 [73]MVP: Elias Ralph (30p/5r/2b/2s)",11/4/24
"185 Middle Tennessee 97, NR Oglethorpe 51 [75]MVP: Jestin Porter (20p/2r/1s)",11/4/24
"269 Mount St. Mary's 98, NR Notre Dame MD 62 [84]MVP: Jedy Cordilia (14p/11r/3b/1s)",11/4/24
"146 UC Santa Barbara 96, NR San Francisco St. 47 [76]MVP: Stephan Swenson (10p/1r/5a)",11/4/24
"113 Murray St. 113, NR Bethel TN 37 [80]MVP: Justin Morgan (16p/6r/3a/2s)",11/4/24
"191 Tulane 76, NR Louisiana Christian 42 [70]MVP: Kaleb Banks (14p/13r/3a/1b/1s)",11/4/24
"220 North Dakota St. 96, NR Jamestown 59 [63]MVP: Jacari White (22p/6r/2a)",11/4/24
"115 Northern Iowa 96, NR Dubuque 54 [75]MVP: Max Weisbrod (11p/6r/3a/4s)",11/4/24
"315 Dartmouth 129, NR Vermont St. Lyndon 47 [78]MVP: Cade Haskins (32p/5r/2a/1s)",11/4/24
"306 Campbell 96, NR Pfeiffer 49 [78]MVP: Bragi Gudmundsson (15p/6r/1a/2s)",11/4/24
"147 Bryant 105, NR Dean 63 [80]MVP: Earl Timberlake (14p/10r/6a/1b/1s)",11/4/24
"125 Davidson 88, NR William Peace 47 [74]MVP: Connor Kochera (19p/5r/4a/2s)",11/4/24
"361 IU Indy 100, NR IU Columbus 44 [73]MVP: Sean Craig (16p/11r)",11/4/24
"290 North Carolina A&T 107, NR Cheyney 55 [80]MVP: Jahnathan Lamothe (27p/6r/4a/2s)",11/4/24
"313 Hampton 110, NR Mid Atlantic Christian 53 [72]MVP: Daniel Johnson (19p/4r/2a/2s)",11/4/24
"225 UTSA 103, NR Trinity TX 77 [82]MVP: Primo Spears (27p/3r/5a/4s)",11/4/24
"173 Oakland 75, NR Defiance 52 [64]MVP: Tuburu Naivalurua (13p/13r/2b/2s)",11/4/24
"337 Detroit Mercy 91, NR Cleary 52 [70]MVP: Stephen Okoro (13p/10r/1a)",11/4/24
"341 Prairie View A&M 111, NR Biblical Studies 90 [82]MVP: Orlando Horton (28p/2r/6a/2s)",11/4/24
"192 Longwood 79, NR Randolph 68 [75]MVP: Angelo Brizzi (9p/9r/1a/1s)",11/4/24
"357 Houston Christian 86, NR Avila 59 [76]MVP: Bryson Dawkins (18p/2r)",11/4/24
"155 Marshall 90, NR Davis & Elkins 57 [78]MVP: Wyatt Fricks (15p/11r/1a/3s)",11/4/24
"120 UMass Lowell 115, NR Rivier 59 [79]MVP: Max Brooks (16p/11r/4a/2b)",11/4/24
"256 Northern Arizona 100, NR Park 49 [74]MVP: Trent McLaughlin (27p/6r/2a/5s)",11/4/24
"197 Northern Colorado 75, NR Colorado College 55 [67]MVP: Langston Reynolds (21p/7r/4s)",11/4/24
"174 UTEP 102, NR Sul Ross St. 55 [75]MVP: Otis Frazier (17p/4r/3a/1b/2s)",11/4/24
"175 Weber St. 118, NR Northwest Indian 35 [79]MVP: Dyson Koehler (22p/8r)",11/4/24
"144 Purdue Fort Wayne 99, NR Bluffton 47 [77]MVP: Eric Mulder (14p/11r/1a/1b/3s)",11/4/24
"319 Nebraska Omaha 85, NR Mid America Christian 69 [72]MVP: Grant Stubblefield (14p/4r/1a/3s)",11/4/24
"283 Idaho 94, NR Northwest 60 [75]MVP: Isaiah Brickner (20p/8r/1a)",11/4/24
"231 Norfolk St. 96, NR Penn St. Wilkes Barre 41 [74]MVP: Brian Moore (18p/2r/7a/4s)",11/4/24
"320 Niagara 100, NR Houghton 65 [79]MVP: Olumide Adelodun (15p/4r/3a/3s)",11/4/24
"100 UC Irvine 82, NR Chapman 52 [74]MVP: Bent Leuchten (19p/7r/1a)",11/4/24
"148 Tulsa 82, NR Northeastern St. 68 [73]MVP: Dwon Odom (12p/3r/3a/2b/2s)",11/4/24
"200 Kansas City 91, NR Hannibal LaGrange 68 [68]MVP: Jamar Brown (26p/9r/3a/4s)",11/4/24
"298 Queens 90, NR Lynchburg 39 [83]MVP: Nasir Mann (14p/10r/2a/2s)",11/4/24
"124 East Carolina 97, NR NC Wesleyan 70 [74]MVP: C.J. Walker (21p/12r/1s)",11/4/24
"279 Lamar 113, NR Paul Quinn 42 [88]MVP: Ja'Sean Jackson (16p/6r/9a/4s)",11/4/24
"285 Eastern Kentucky 98, NR Alice Lloyd 69 [85]MVP: George Kimble (23p/2r/7a/2s)",11/4/24
"151 East Tennessee St. 72, NR Newberry 51 [76]MVP: Quimari Peterson (19p/6r/3a/2s)",11/4/24
"219 Jacksonville St. 112, NR LaGrange 48 [77]MVP: Michael Houge (21p/12r/2a)",11/4/24
"153 Stephen F. Austin 85, NR Dallas 51 [84]MVP: Chris Johnson (17p/6r/3a/1b/1s)",11/4/24
"131 Loyola Marymount 99, NR Life Pacific 56 [78]MVP: Myron Amey (20p/4r/1a/4s)",11/4/24
"180 Jacksonville 78, NR Trinity Baptist 65 [75]MVP: Stephon Payne (18p/13r/2b/1s)",11/4/24
"107 Louisiana Tech 77, NR LSU Alexandria 50 [70]MVP: Daniel Batcho (15p/8r/2b/1s)",11/4/24
"261 Grambling St. 92, NR Southern New Orleans 42 [80]MVP: Antwan Burnett (19p/8r/2a/2b/1s)",11/4/24
"277 South Carolina St. 137, NR Morris 55 [82]MVP: Wilson Dubinsky (29p/2r)",11/4/24
"216 Wyoming 108, NR Concordia St. Paul 85 [82]MVP: Obi Agbim (25p/2r/6a/1b/2s)",11/4/24
"179 Hofstra 89, NR Old Westbury 62 [78]MVP: Cruz Davis (19p/7r/8a/2s)",11/4/24
"281 UMBC 95, NR Penn St. York 66 [76]MVP: Marcus Banks (27p/4r/2a)",11/4/24
"167 Furman 104, NR Columbia International 46 [73]MVP: Tom House (21p/2r/2a/3s)",11/4/24
"326 Northwestern St. 96, NR Dallas Christian 55 [71]MVP: Jon Sanders (16p/1r/1a/2s)",11/4/24
"321 SIUE 95, NR Westminster MO 42 [81]MVP: Ray'Sean Taylor (15p/10r/6a/5s)",11/4/24
"299 Stetson 94, NR New College FL 75 [78]MVP: Jamie Phillips (17p/7r/1a)",11/4/24
"150 Utah Valley 92, NR Western Colorado 57 [76]MVP: Hayden Welling (15p/3r/1a/1b/1s)",11/4/24
"154 New Mexico St. 93, NR New Mexico Highlands 57 [84]MVP: Zawdie Jackson (14p/4r/5a/4s)",11/4/24
"289 Southeastern Louisiana 91, NR William Carey 53 [70]MVP: Sam Hines (21p/5r/2a/2s)",11/4/24
"195 Southern Utah 96, NR Western New Mexico 68 [78]MVP: Jamari Sibley (18p/10r/2a/3b/1s)",11/4/24
"133 Drake 93, NR York NE 41 [71]MVP: Daniel Abreu (30p/4r/1a/1b)",11/4/24
"149 Samford 100, NR Mississippi College 58 [77]MVP: Jaden Brownell (20p/6r/1s)",11/4/24
"305 Louisiana Monroe 111, NR Champion Christian 61 [87]MVP: Makai Willis (15p/7r/2a/1b/1s)",11/4/24
"156 UNC Wilmington 143, NR Mount Olive 91 [91]MVP: Bo Montgomery (22p/7r/6a/1b/3s)",11/4/24
"159 UT Arlington 90, NR UNT Dallas 55 [80]MVP: Raysean Seamster (19p/5r/5a/1b/2s)",11/4/24
"233 Rice 77, 273 FIU 70 [76]MVP: Caden Powell (17p/11r/1a/2b)",11/5/24
"73 Washington 79, 178 UC Davis 73 [83]MVP: Great Osobor (15p/17r/3a/2b/6s)",11/5/24
"77 North Texas 80, 203 Evansville 63 [64]MVP: Jasper Floyd (23p/3r/5a/1s)",11/5/24
"69 Arizona St. 55, 314 Idaho St. 48 [66]MVP: BJ Freeman (12p/8r/4a/2b/1s)",11/5/24
"78 San Francisco 86, 346 Cal Poly 78 [81]MVP: Malik Thomas (23p/4r/3a/5s)",11/5/24
"12 Texas Tech 94, 304 Bethune Cookman 61 [68]MVP: JT Toppin (19p/8r/1a/4b/2s)",11/5/24
"22 BYU 88, 330 Central Arkansas 50 [69]MVP: Egor Demin (18p/4r/11a/4s)",11/5/24
"51 Kansas St. 89, 348 New Orleans 65 [67]MVP: David N'Guessan (21p/15r/2a/1b/1s)",11/5/24
"212 Colgate 95, NR SUNY Canton 62 [75]MVP: Jeff Woodward (17p/9r/6a/1s)",11/5/24
"221 Kennesaw St. 110, NR Toccoa Falls 61 [80]MVP: Braedan Lue (22p/8r/2b)",11/5/24
"299 Sacramento St. 106, NR Cal Maritime 44 [79]MVP: EJ Neal (16p/5r/5a/2b/3s)",11/5/24
"5 Auburn 94, 79 Vermont 43 [70]MVP: Miles Kelly (21p/3r/1b/1s)",11/6/24
"269 Rider 68, 292 San Diego 67 [71]MVP: T.J. Weeks (19p/5r/4a/1s)",11/6/24
"253 CSUN 97, 315 Le Moyne 75 [78]MVP: Scotty Washington (21p/4r/2a/1s)",11/6/24
"50 San Diego St. 63, 130 UC San Diego 58 [66]MVP: Miles Byrd (20p/8r/3a/4b/5s)",11/6/24
"231 Pepperdine 77, 260 Western Illinois 64 [68]MVP: Stefan Todorovic (25p/5r/3a)",11/6/24
"286 Eastern Washington 93, 119 Seattle 86 [72]MVP: Andrew Cook (25p/5r/3a/3s)",11/6/24
"29 Arkansas 76, 126 Lipscomb 60 [74]MVP: Johnell Davis (15p/6r/1a/1b/1s)",11/6/24
"47 Boise St. 87, 175 Oakland 43 [65]MVP: O'Mar Stanley (15p/8r/3a/2b)",11/6/24
"356 Mercyhurst 78, 313 Morgan St. 73 [70]MVP: Mykolas Ivanauskas (16p/7r/1a)",11/6/24
"61 Minnesota 80, 241 Oral Roberts 57 [65]MVP: Dawson Garcia (30p/8r/2a/1s)",11/6/24
"217 Columbia 90, 31 Villanova 80 [67]MVP: Eric Dixon (33p/6r/2a/3s)",11/6/24
"82 Georgetown 85, 295 Lehigh 77 [73]MVP: Thomas Sorber (20p/13r/2b/3s)",11/6/24
"237 South Dakota 91, 359 Texas A&M Commerce 83 [84]MVP: Chase Forte (23p/4r/4a/2s)",11/6/24
"64 Rutgers 75, 267 Wagner 52 [69]MVP: Dylan Harper (20p/3r/4a/3s)",11/6/24
"80 Virginia 65, 307 Campbell 56 [59]MVP: Jacob Cofie (16p/6r/1a/1b/1s)",11/6/24
"53 LSU 95, 305 Louisiana Monroe 60 [74]MVP: Jalen Reed (24p/8r/2b)",11/6/24
"70 Georgia Tech 85, 334 West Georgia 62 [75]MVP: Javian McCollum (18p/4r/5a/4s)",11/6/24
"10 Creighton 99, 306 UT Rio Grande Valley 86 [77]MVP: Ryan Kalkbrenner (49p/11r/2a/3b)",11/6/24
"42 Indiana 80, 321 SIUE 61 [73]MVP: Mackenzie Mgbako (31p/9r/1b/1s)",11/6/24
"71 Utah St. 101, 342 Alcorn St. 46 [70]MVP: Aubin Gateretse (24p/6r/1a/2b/1s)",11/6/24
"108 High Point 93, 361 Coppin St. 51 [71]MVP: Chase Johnston (31p/3r/2a)",11/6/24
"6 Connecticut 92, 337 Sacred Heart 56 [73]MVP: Alex Karaban (20p/6r/7a/7b)",11/6/24
"68 Notre Dame 89, 357 Stonehill 60 [68]MVP: Braeden Shrewsberry (18p/4r/1a/1b/1s)",11/6/24
"232 Norfolk St. 104, NR Virginia Lynchburg 60 [75]MVP: Brian Moore (26p/2a/4s)",11/6/24
"268 Portland 83, NR Lewis & Clark 70 [73]MVP: Todd Jones (9p/10r/5a/5b)",11/6/24
"257 Maine 98, NR Maine Fort Kent 47 [77]MVP: Kellen Tynes (14p/7r/5a/2b/2s)",11/6/24
"224 Wright St. 89, NR Ohio Christian 60 [69]MVP: Alex Huibregtse (22p/1r/5a/2s)",11/6/24
"205 Cleveland St. 91, NR Baldwin Wallace 53 [72]MVP: Dylan Arnett (19p/8r/1a/2b/1s)",11/6/24
"283 Morehead St. 89, NR Boyce 48 [79]MVP: Kade Ruegsegger (10p/10r/4a/4s)",11/6/24
"288 Presbyterian 120, NR Carolina Christian 45 [78]MVP: Iverson King (14p/8r/2a/4s)",11/6/24
"137 Richmond 101, NR Mount Olive 68 [82]MVP: DeLonnie Hunt (17p/3r/1a/3s)",11/6/24
"333 New Hampshire 99, NR UMass Boston 69 [82]MVP: Anthony McComb (24p/2r/1s)",11/6/24
"249 Texas Southern 100, NR Texas A&M San Antonio 66 [80]MVP: Kavion McClain (22p/2r/8a/3s)",11/6/24
"350 USC Upstate 103, NR Piedmont 70 [79]MVP: Mister Dean (25p/8r/2b/1s)",11/6/24
"341 Eastern Illinois 97, NR Earlham 61 [80]MVP: Artese Stapleton (17p/2r/8a/1b/2s)",11/6/24
"358 Arkansas Pine Bluff 99, NR Champion Christian 57 [84]MVP: Klemen Vuga (24p/11r/1a/2s)",11/6/24
"154 Appalachian St. 108, NR St. Andrews Pres. 54 [75]MVP: Michael Marcus (18p/10r/1a/4b)",11/6/24
"118 Northern Iowa 87, 174 Milwaukee 68 [68]MVP: Tytan Anderson (19p/2r/4a)",11/7/24
"160 UC Davis 79, 282 Idaho 75 [73]MVP: Ty Johnson (30p/7r/2a/4s)",11/7/24
"264 Air Force 73, 217 Jacksonville St. 67 [64]MVP: Ethan Taylor (23p/10r/6a/1b/2s)",11/7/24
"235 Illinois St. 77, 218 North Dakota St. 68 [65]MVP: Jacari White (27p/2r/1s)",11/7/24
"203 North Florida 90, 242 Charleston Southern 66 [76]MVP: Josh Harris (23p/8r/2s)",11/7/24
"210 Bucknell 75, 316 Southern Indiana 69 (OT) [73]MVP: Noah Williamson (32p/9r/2b/1s)",11/7/24
"289 Stony Brook 73, 241 Central Michigan 72 [68]MVP: Collin O'Connor (16p/6r/3a/3s)",11/7/24
"277 Delaware 81, 304 Robert Morris 77 [76]MVP: Niels Lane (19p/7r/1a/1b/3s)",11/7/24
"317 Nebraska Omaha 79, 301 Stetson 76 [71]MVP: Marquel Sutton (25p/10r/1a)",11/7/24
"41 Saint Mary's 86, 151 Chattanooga 74 [64]MVP: Augustas Marciulionis (27p/3r/7a)",11/7/24
"97 UAB 98, 205 Southern Miss 84 [80]MVP: Christian Coleman (21p/9r/5a/2b/2s)",11/7/24
"23 Florida 81, 182 Jacksonville 60 [67]MVP: Alex Condon (23p/1r/2a/2b)",11/7/24
"48 Wisconsin 79, 194 Montana St. 67 [65]MVP: Max Klesmit (26p/1a/2s)",11/7/24
"187 DePaul 92, 344 Prairie View A&M 59 [78]MVP: Layden Blocker (12p/6r/7a/1b/1s)",11/7/24
"134 California 91, 328 Cal Poly 73 [76]MVP: Rytis Petraitis (13p/6r/1a/3s)",11/7/24
"37 Iowa 89, 274 Southern 74 [73]MVP: Pryce Sandfort (22p/4r/1a)",11/7/24
"60 Wake Forest 80, 293 North Carolina A&T 64 [81]MVP: Tre'Von Spillers (15p/16r/1a/2b)",11/7/24
"43 USC 75, 300 Idaho St. 69 [67]MVP: Josh Cohen (19p/4r/3a/2b)",11/7/24
"197 Penn 85, 363 Maryland Eastern Shore 84 [69]MVP: Ethan Roberts (23p/10r/2a/1s)",11/7/24
"92 Loyola Chicago 87, 342 Detroit Mercy 65 [71]MVP: Miles Rubin (10p/5r/4a/3b)",11/7/24
"69 Utah 98, 333 Central Arkansas 63 [77]MVP: Mike Sharavjamts (13p/8r/8a/2b/3s)",11/7/24
"34 Michigan St. 96, 319 Niagara 60 [71]MVP: Jaxon Kohler (20p/13r/2s)",11/7/24
"64 SMU 102, 355 Florida A&M 73 [78]MVP: Kevin Miller (20p/9r/9a/3s)",11/7/24
"172 North Alabama 94, NR Point 58 [75]MVP: Kevin de Kovachich (11p/4r/3s)",11/7/24
"230 Quinnipiac 71, NR Worcester Tech 47 [77]MVP: Amarri Monroe (13p/5r/1a/2s)",11/7/24
"224 Portland St. 131, NR Evergreen St. 84 [90]MVP: Ismail Habib (29p/1r)",11/7/24
"169 Louisiana 82, NR Texas Dallas 65 [77]MVP: Koron Davis (24p/5r/1a/1s)",11/7/24
"364 Mississippi Valley St. 66, NR MUW 49 [64]MVP: Donovan Sanders (11p/10r/6a/1s)",11/7/24
"309 Western Michigan 86, NR Davenport 46 [73]MVP: Max Burton (13p/7r/1a/1b/2s)",11/7/24
"321 Northern Illinois 105, NR Holy Cross IN 37 [72]MVP: James Dent (14p/7r/4a)",11/7/24
"324 Tennessee Martin 114, NR Kentucky Christian 61 [78]MVP: Tarence Guinyard (15p/7r/5a/3s)",11/7/24
"320 Tennessee Tech 89, NR Bryan 74 [74]MVP: Daniel Egbuniwe (22p/5r/5a/1b)",11/7/24
"323 Binghamton 82, NR SUNY Oneonta 63 [75]MVP: Ben Callahan-Gold (21p/5r/1a/1b/1s)",11/7/24
"353 Fairleigh Dickinson 112, NR Purchase 72 [76]MVP: Terrence Brown (24p/5r/3a/5s)",11/7/24
"343 Alabama A&M 121, NR Oakwood 78 [98]MVP: Chad Moodie (13p/5r/2a/2b/1s)",11/7/24
"199 Indiana St. 93, NR Eureka 48 [77]MVP: Samage Teel (20p/5r/5a)",11/7/24
"72 North Texas 80, NR Wayland Baptist 38 [66]MVP: Atin Wright (16p/3r/1a/3s)",11/7/24
"208 Mercer 125, NR Virginia Lynchburg 54 [85]MVP: Angel Montas (18p/2r/1a/3s)",11/7/24
"295 Cal St. Bakersfield 122, NR Bethesda 53 [80]MVP: Jemel Jones (19p/4r/2a/2b)",11/7/24
"348 Lindenwood 98, NR St. Louis Pharmacy 30 [73]MVP: Jadis Jones (14p/5r/2a/1b/2s)",11/7/24
"339 The Citadel 86, NR Erskine 56 [75]MVP: Brody Fox (16p/8r/3a/3s)",11/7/24
"113 McNeese 111, NR Biblical Studies 57 [81]MVP: Javohn Garcia (21p/1r/1a/2s)",11/7/24
"7 Kansas 92, 17 North Carolina 89 [77]MVP: Zeke Mayo (21p/5r/4a)",11/8/24
"71 New Mexico 72, 20 UCLA 64 [75]MVP: Tyler Bilodeau (23p/15r/1b/2s)",11/8/24
"77 Arizona St. 81, 84 Santa Clara 74 [70]MVP: Carlos Stewart (18p/5r/2a/5s)",11/8/24
"117 Washington St. 91, 78 Bradley 74 [71]MVP: Cedric Coward (18p/7r/3a/3s)",11/8/24
"104 UC Irvine 66, 130 Loyola Marymount 51 [69]MVP: Andre Henry (17p/3r/1s)",11/8/24
"125 Charleston 86, 108 South Florida 71 [81]MVP: Ante Brzovic (34p/9r/4a/2b)",11/8/24
"45 VCU 80, 126 Boston College 55 [72]MVP: Phillip Russell (20p/3r/2a/1s)",11/8/24
"167 Cornell 88, 146 Samford 86 [83]MVP: Jake Fiegen (21p/5r/1a/1b/3s)",11/8/24
"173 Furman 76, 174 Belmont 74 [70]MVP: PJay Smith (21p/5r/5a/1b/2s)",11/8/24
"82 Princeton 75, 149 Duquesne 68 [72]MVP: Caden Pierce (17p/5r/2a/2b/1s)",11/8/24
"73 West Virginia 75, 110 Massachusetts 69 [73]MVP: Tucker DeVries (17p/8r/2a/3s)",11/8/24
"16 Marquette 82, 93 George Mason 63 [73]MVP: Kam Jones (24p/5r/8a/1b/3s)",11/8/24
"182 Hofstra 90, 184 Iona 76 [73]MVP: Jaquan Sanders (24p/3r/3a/3s)",11/8/24
"220 Illinois Chicago 91, 102 Yale 79 [77]MVP: Tyem Freeman (19p/5r/1a/1s)",11/8/24
"161 UNC Wilmington 92, 181 Georgia Southern 84 [78]MVP: Donovan Newby (33p/2r/2a/1s)",11/8/24
"141 Temple 103, 218 Monmouth 74 [74]MVP: Jamal Mashburn (25p/2r/1s)",11/8/24
"237 Navy 85, 201 Harvard 80 [73]MVP: Austin Benigni (34p/5r/7a/1s)",11/8/24
"122 Oregon St. 76, 178 Weber St. 48 [64]MVP: Michael Rataj (15p/13r/1a/3b/1s)",11/8/24
"124 Davidson 91, 268 Bowling Green 85 [76]MVP: Javontae Campbell (30p/1r/2a/4s)",11/8/24
"32 Pittsburgh 83, 113 Murray St. 68 [69]MVP: Jaland Lowe (20p/2r/3a/1b/2s)",11/8/24
"291 Radford 89, 225 William & Mary 77 [70]MVP: Jarvis Moss (24p/6r/2a)",11/8/24
"299 Queens 67, 259 Western Carolina 54 [78]MVP: Asjon Anderson (24p/2r/1a/1s)",11/8/24
"202 St. Thomas 90, 305 Green Bay 76 [72]MVP: Miles Barnstable (23p/3r/2b)",11/8/24
"298 San Diego 74, 244 Boston University 60 [62]MVP: Kjay Bradley (28p/5r/7a/1b/4s)",11/8/24
"290 Pacific 80, 224 San Jose St. 67 [72]MVP: Lamar Washington (14p/7r/10a/1b/2s)",11/8/24
"251 Gardner Webb 88, 260 North Carolina Central 82 [72]MVP: Josh Smith (21p/1r/5a/3s)",11/8/24
"60 UCF 75, 138 Purdue Fort Wayne 68 [72]MVP: Jordan Ivy-Curry (18p/3a/3s)",11/8/24
"270 Fresno St. 64, 301 Sacramento St. 57 [69]MVP: Amar Augillard (30p/4r/1a/1s)",11/8/24
"121 UMass Lowell 81, 211 Saint Peter's 74 [70]MVP: Quinton Mincey (27p/1r/1a/1b/1s)",11/8/24
"250 South Alabama 70, 176 Nicholls 64 [65]MVP: Myles Corey (18p/6r/8a)",11/8/24
"156 South Dakota St. 80, 255 Long Beach St. 79 [70]MVP: Oscar Cluff (23p/14r/2a/1b/1s)",11/8/24
"5 Alabama 88, 120 Arkansas St. 79 [85]MVP: Mark Sears (19p/5r/2a)",11/8/24
"287 Eastern Kentucky 82, 151 East Tennessee St. 78 [66]MVP: Devontae Blanton (20p/5r/7a/1b/2s)",11/8/24
"193 Tulane 80, 314 Louisiana Monroe 64 [73]MVP: Rowan Brumbaugh (22p/1r/3a/1s)",11/8/24
"74 Colorado 90, 197 Northern Colorado 88 (2OT) [87]MVP: Elijah Malone (27p/5r/2s)",11/8/24
"19 BYU 86, 166 UC Riverside 80 [74]MVP: Egor Demin (20p/5r/7a)",11/8/24
"34 Oregon 79, 179 Montana 48 [65]MVP: Nate Bittle (17p/9r/2a/1b)",11/8/24
"94 Stanford 80, 239 Cal St. Fullerton 53 [64]MVP: Jaylen Blakes (18p/3r/5a/1s)",11/8/24
"154 George Washington 82, 313 Hampton 54 [73]MVP: Christian Jones (11p/1r/4a/4s)",11/8/24
"11 Purdue 72, 171 Northern Kentucky 50 [62]MVP: Fletcher Loyer (16p/1r/4a/1b/1s)",11/8/24
"29 Mississippi St. 101, 191 Georgia St. 66 [75]MVP: Josh Hubbard (15p/6r/6a/2s)",11/8/24
"55 Missouri 77, 227 Howard 62 [69]MVP: Tamar Bates (17p/4r/2a/1b/1s)",11/8/24
"272 Central Connecticut 73, 91 Saint Joseph's 67 [69]MVP: Rasheer Fleming (19p/16r/1a/3s)",11/8/24
"271 Austin Peay 68, 86 Butler 66 [66]MVP: LJ Thomas (29p/8r/3a/2s)",11/8/24
"325 Siena 90, 144 Bryant 88 (OT) [83]MVP: Justice Shoats (31p/3r/5a/1b/2s)",11/8/24
"52 TCU 67, 217 Florida Gulf Coast 51 [64]MVP: Ernest Udeh (7p/7r/4a/3b/2s)",11/8/24
"83 South Carolina 86, 273 South Carolina St. 64 [72]MVP: Collin Murray-Boyles (19p/16r/4a)",11/8/24
"46 Mississippi 66, 256 Grambling St. 64 [70]MVP: Jaylen Murray (10p/2r/1a/2b/2s)",11/8/24
"51 Penn St. 103, 283 UMBC 54 [81]MVP: Yanic Konan Niederhauser (18p/9r/2b/2s)",11/8/24
"50 N.C. State 81, 292 Presbyterian 72 [67]MVP: Kory Mincy (28p/1r/4a/2s)",11/8/24
"36 Maryland 86, 264 Mount St. Mary's 52 [70]MVP: Rodney Rice (28p/5r/2a/2s)",11/8/24
"68 Colorado St. 87, 304 Tennessee St. 79 (OT) [82]MVP: Nique Clifford (31p/13r/2a/1b/1s)",11/8/24
"4 Duke 100, 267 Army 58 [71]MVP: Cooper Flagg (13p/11r/3a/3b/2s)",11/8/24
"106 Rhode Island 91, 345 Holy Cross 77 [74]MVP: David Green (25p/1r/1a/1b)",11/8/24
"15 Cincinnati 83, 288 Morehead St. 56 [62]MVP: Dillon Mitchell (14p/9r/3a/1s)",11/8/24
"23 Illinois 90, 316 SIUE 58 [68]MVP: Kasparas Jakucionis (12p/8r/13a/1s)",11/8/24
"96 Virginia Tech 93, 349 USC Upstate 74 [72]MVP: Carmelo Adkins (20p/4r/1a)",11/8/24
"59 Villanova 91, 332 NJIT 54 [60]MVP: Eric Dixon (22p/10r/2a/1s)",11/8/24
"10 Texas Tech 86, 324 Northwestern St. 65 [68]MVP: JT Toppin (25p/7r/2b/1s)",11/8/24
"25 Clemson 88, 351 Saint Francis 62 [72]MVP: Jaeden Zackery (16p/4r/6a/4s)",11/8/24
"27 Texas 90, 356 Houston Christian 59 [67]MVP: Tre Johnson (28p/2r/3a/1s)",11/8/24
"42 Xavier 94, 362 IU Indy 80 [68]MVP: Dayvion McKnight (17p/2r/5a/1b/2s)",11/8/24
"18 Texas A&M 87, 357 Texas A&M Commerce 55 [67]MVP: Henry Coleman (14p/8r/1a)",11/8/24
"85 Florida Atlantic 99, NR Coastal Georgia 49 [78]MVP: Ken Evans (18p/3r/6a/4s)",11/8/24
"129 Kent St. 98, NR Miami Hamilton 53 [70]MVP: Cli'Ron Hornbeak (18p/9r/1a)",11/8/24
"246 Northern Arizona 115, NR Nelson 67 [81]MVP: Trent McLaughlin (30p/5r/3a/1b/2s)",11/8/24
"248 Valparaiso 111, NR Concordia MI 46 [77]MVP: Cooper Schwieger (11p/14r/2a/4b)",11/8/24
"253 Oral Roberts 105, NR Ozark Christian 49 [73]MVP: Sam Alajiki (16p/8r/3s)",11/8/24
"312 Eastern Michigan 83, NR Siena Heights 58 [72]MVP: Jalin Billingsley (32p/10r/3b/1s)",11/8/24
"311 Incarnate Word 97, NR Southwestern 53 [68]MVP: Jordan Pyke (22p/5r/1a/2s)",11/8/24
"131 Akron 88, NR Ohio Wesleyan 57 [67]MVP: Nate Johnson (11p/2r/7a/4s)",11/8/24
"198 Hawaii 96, NR Life Pacific 61 [64]MVP: Akira Jacobs (20p/7r)",11/8/24
"236 Ball St. 87, NR Franklin 60 [79]MVP: Payton Sparks (17p/5r/2a/1s)",11/8/24
"216 Texas A&M Corpus Chris 87, NR Dallas Christian 36 [73]MVP: Sheldon Williams (16p/5r/3a/1s)",11/8/24
"335 Buffalo 87, NR Fredonia St. 78 [79]MVP: Anquan Boldin (22p/6r/4a/1s)",11/8/24
"162 Southern Illinois 86, NR Missouri S&T 64 [78]MVP: Kennard Davis (22p/5r/8a/7s)",11/8/24
"322 Denver 97, NR Western Colorado 80 [82]MVP: DeAndre Craig (15p/3r/5a/2s)",11/8/24
"116 Towson 89, NR Penn St. Wilkes Barre 34 [66]MVP: Tomiwa Sulaiman (20p/4r/1a/1b/1s)",11/8/24
"200 Kansas City 124, NR Kansas Christian 36 [78]MVP: Anderson Kopp (22p/5r/2a/3s)",11/8/24
"140 Texas St. 102, NR McMurry 62 [81]MVP: Kaden Gumbs (27p/10r/4a/3s)",11/8/24
"2 Auburn 74, 1 Houston 69 [62]MVP: Tahaad Pettiford (21p/3r/3a)",11/9/24
"26 Baylor 72, 29 Arkansas 67 [65]MVP: Adou Thiero (24p/6r/2a/2b/1s)",11/9/24
"14 Tennessee 77, 51 Louisville 55 [67]MVP: Chaz Lanier (19p/2r/1a)",11/9/24
"30 Dayton 71, 38 Northwestern 66 [69]MVP: Nick Martinelli (32p/14r/1s)",11/9/24
"40 Memphis 80, 89 UNLV 74 [71]MVP: PJ Haggerty (29p/3r/3a/1s)",11/9/24
"96 San Francisco 84, 32 Boise St. 73 [68]MVP: Tyson Degenhart (25p/7r/1a/1b/1s)",11/9/24
"67 Nevada 63, 76 Washington 53 [66]MVP: Kobe Sanders (20p/4r/5a/1b/1s)",11/9/24
"98 Liberty 66, 140 Seattle 64 [65]MVP: Owen Aquino (11p/9r/2a/4s)",11/9/24
"127 Lipscomb 78, 115 Wofford 69 [62]MVP: Joe Anderson (19p/4r/4a/5s)",11/9/24
"108 Louisiana Tech 92, 163 UT Arlington 77 [67]MVP: Daniel Batcho (28p/7r/2b)",11/9/24
"128 Sam Houston St. 91, 233 Tarleton St. 62 [75]MVP: Dorian Finister (15p/11r/1b/2s)",11/9/24
"231 Norfolk St. 83, 143 James Madison 69 [69]MVP: Christian Ings (22p/5r/1a/1s)",11/9/24
"180 Toledo 90, 162 Marshall 80 [76]MVP: Sonny Wilson (16p/5r/2a/1s)",11/9/24
"151 Utah Valley 89, 172 UTEP 60 [77]MVP: Dominick Nelson (21p/8r/2a)",11/9/24
"186 Middle Tennessee 79, 166 Abilene Christian 56 [71]MVP: Jestin Porter (24p/1r/2a/4s)",11/9/24
"229 Merrimack 65, 100 Vermont 51 [64]MVP: Matt Becht (11p/4r/1a/3s)",11/9/24
"144 UC Santa Barbara 94, 271 Portland 53 [72]MVP: Vukasin Masic (24p/3r/5a/2s)",11/9/24
"160 New Mexico St. 75, 290 Utah Tech 63 [69]MVP: Zawdie Jackson (24p/5r/7a/2s)",11/9/24
"221 Drexel 73, 218 Colgate 56 [66]MVP: Kobe MaGee (28p/9r/2a/2s)",11/9/24
"66 Grand Canyon 74, 138 Western Kentucky 72 [76]MVP: Collin Moore (23p/10r/3a/1b/1s)",11/9/24
"61 Utah St. 103, 131 Charlotte 74 [70]MVP: Ian Martinez (23p/4r/4a/1s)",11/9/24
"120 UC San Diego 94, 206 Pepperdine 76 [72]MVP: Stefan Todorovic (33p/6r/3a)",11/9/24
"82 Florida St. 73, 230 Rice 65 [71]MVP: Jamir Watkins (30p/6r/1a/1b/3s)",11/9/24
"223 Wright St. 81, 165 Miami OH 68 [71]MVP: Brandon Noel (27p/16r/1a/3b/3s)",11/9/24
"148 Cal Baptist 88, 222 Kennesaw St. 84 [74]MVP: Kendal Coleman (21p/10r/2s)",11/9/24
"167 Winthrop 82, 238 Little Rock 67 [78]MVP: Johnathan Lawson (27p/8r/1a/2b/2s)",11/9/24
"189 Youngstown St. 80, 325 Chicago St. 60 [73]MVP: Nico Galette (20p/9r/1a)",11/9/24
"135 Ohio 82, 213 UNC Asheville 76 [73]MVP: AJ Clayton (19p/3r/2a/3b)",11/9/24
"183 Fordham 57, 97 Seton Hall 56 [65]MVP: Will Richardson (11p/4r/4a/2s)",11/9/24
"95 Wichita St. 89, 188 Montana St. 69 [69]MVP: Justin Hill (17p/5r/5a/1s)",11/9/24
"313 Dartmouth 81, 332 Sacred Heart 76 [77]MVP: Jackson Munro (19p/8r/2a/1s)",11/9/24
"194 Southern Utah 80, 278 FIU 75 [81]MVP: Tavi Jackson (17p/9r/4a/4s)",11/9/24
"147 La Salle 81, 239 Lafayette 60 [71]MVP: Jahlil White (16p/13r/2a/1b/2s)",11/9/24
"117 St. Bonaventure 87, 309 Canisius 78 [63]MVP: Chance Moore (27p/6r/3b/2s)",11/9/24
"260 Marist 79, 136 Richmond 72 [67]MVP: Jackson Price (20p/5r/5a/1b)",11/9/24
"261 Rider 64, 363 Coppin St. 53 [69]MVP: Tariq Ingraham (16p/9r/2a/3b)",11/9/24
"192 Longwood 84, 328 Morgan St. 66 [73]MVP: Michael Christmas (19p/5r/2a/1b/1s)",11/9/24
"361 VMI 76, 301 Bellarmine 71 [69]MVP: Jack Karasinski (24p/1r/3a)",11/9/24
"121 Troy 78, 346 New Orleans 61 [76]MVP: Jackson Fields (15p/10r/2a/1s)",11/9/24
"126 East Carolina 63, 299 Coastal Carolina 59 [59]MVP: RJ Felton (25p/11r/1a/2b)",11/9/24
"47 Kansas St. 77, 207 Cleveland St. 64 [69]MVP: Brendan Hausen (22p/3r/1a/1s)",11/9/24
"158 Columbia 83, 334 Delaware St. 62 [75]MVP: Geronimo Rubio De La Rosa (19p/6r/1a/2s)",11/9/24
"37 Kentucky 100, 204 Bucknell 72 [79]MVP: Koby Brea (20p/6r/2a/1s)",11/9/24
"92 Georgetown 69, 297 Fairfield 57 [69]MVP: Thomas Sorber (25p/9r/1a/2b/1s)",11/9/24
"15 St. John's 96, 235 Quinnipiac 73 [79]MVP: RJ Luis (24p/13r/3a/1b/2s)",11/9/24
"102 High Point 80, 329 Jackson St. 71 [71]MVP: D'Maurian Williams (22p/6r/8a/2s)",11/9/24
"9 Arizona 102, 269 Old Dominion 44 [74]MVP: Tobe Awaka (18p/15r/2b/1s)",11/9/24
"57 Nebraska 63, 307 Bethune Cookman 58 [74]MVP: Juwan Gary (11p/9r/1a/5s)",11/9/24
"52 Minnesota 68, 308 Nebraska Omaha 64 [66]MVP: Dawson Garcia (24p/7r/1s)",11/9/24
"145 Tulsa 103, 358 Arkansas Pine Bluff 80 [76]MVP: Dwon Odom (14p/3r/6a/3s)",11/9/24
"5 Connecticut 92, 330 New Hampshire 53 [70]MVP: Alex Karaban (17p/5r/4a/4b/1s)",11/9/24
"71 Providence 76, 359 Stonehill 49 [72]MVP: Jabri Abdur-Rahim (16p/6r/2a)",11/9/24
"354 LIU 102, NR Pratt 42 [74]MVP: Terell Strickland (15p/6r/5a/3s)",11/9/24
"337 Le Moyne 107, NR SUNY Poly 73 [81]MVP: Dwayne Koroma (17p/6r/4a/1s)",11/9/24
"280 Wagner 94, NR Manor 52 [69]MVP: Javier Ezquerra (12p/2r/10a/4s)",11/9/24
"351 Mercyhurst 88, NR Houghton 62 [70]MVP: Bernie Blunt (19p/2r/3a/3s)",11/9/24
"344 Loyola MD 83, NR Lancaster Bible 42 [78]MVP: Braeden Speed (11p/2r/3a/5s)",11/9/24
"275 Elon 103, NR Bluefield 66 [78]MVP: TJ Simpkins (21p/4r/3a/3s)",11/9/24
"212 Evansville 96, NR Brescia 49 [73]MVP: Gabriel Pozzato (18p/2r/4a/3s)",11/9/24
"253 Albany 89, NR SUNY Oneonta 69 [74]MVP: Byron Joshua (16p/3r/4a/3s)",11/9/24
"362 Maryland Eastern Shore 96, NR Penn State Schuylkill 77 [74]MVP: Ketron Shaw (25p/4r/4a)",11/9/24
"193 Nicholls 93, NR MUW 44 [69]MVP: Jamal West (13p/5r/2a/2b/2s)",11/9/24
"NR Xavier LA 62, 347 Alcorn St. 56 [68]MVP: Jalyke Gaines - Wyatt (14p/1r/2a/1s)",11/9/24
"61 Wake Forest 72, 25 Michigan 70 [69]MVP: Tre'Von Spillers (16p/5r/1s)",11/10/24
"80 UC Irvine 80, 105 Northern Iowa 60 [69]MVP: Bent Leuchten (18p/8r/2a/1b/1s)",11/10/24
"86 Princeton 79, 192 Northeastern 76 [71]MVP: Harold Woods (27p/13r/3a)",11/10/24
"3 Gonzaga 88, 73 Arizona St. 80 [72]MVP: Ryan Nembhard (13p/3r/11a/1s)",11/10/24
"133 Drake 66, 155 Stephen F. Austin 51 [61]MVP: Mitch Mascari (26p/4r/3a/2s)",11/10/24
"239 American 67, 208 Harvard 55 [64]MVP: Colin Smalls (16p/5r/3a/1s)",11/10/24
"258 Maine 69, 241 Brown 67 [68]MVP: Jaden Clayton (18p/4r/4a/1s)",11/10/24
"195 Hawaii 80, 256 San Jose St. 69 [63]MVP: Tanner Christensen (20p/8r/1a)",11/10/24
"344 Detroit Mercy 84, 327 Niagara 78 (OT) [75]MVP: Mak Manciel (30p/8r/3a/1s)",11/10/24
"90 Oklahoma St. 80, 180 St. Thomas 71 [76]MVP: Marchelus Avery (23p/3r/1a/3s)",11/10/24
"175 North Florida 105, 67 Georgia Tech 93 [82]MVP: Josh Harris (22p/7r/1a/1s)",11/10/24
"217 Wyoming 81, 283 Tennessee St. 66 [71]MVP: Obi Agbim (24p/3r/3a/1b/1s)",11/10/24
"49 Wisconsin 87, 163 Appalachian St. 56 [69]MVP: John Tonje (17p/7r/5a/2s)",11/10/24
"350 Saint Francis 65, 300 Campbell 64 [69]MVP: Valentino Pinedo (15p/5r/2a/1b/1s)",11/10/24
"79 Georgia 92, 254 Texas Southern 64 [72]MVP: Dakota Leffew (23p/3r/3a/1b/1s)",11/10/24
"98 UAB 82, 297 Southeastern Louisiana 72 [71]MVP: Yaxel Lendeborg (22p/8r/5a/2b/1s)",11/10/24
"44 LSU 74, 274 Alabama St. 61 [72]MVP: Jordan Sears (18p/3r/5a/1b/2s)",11/10/24
"81 Vanderbilt 85, 335 Southeast Missouri 76 [73]MVP: Devin McGlockton (14p/19r/2a/4b)",11/10/24
"47 Miami FL 88, 324 Binghamton 64 [69]MVP: Jalen Blackmon (17p/1r/1a/2s)",11/10/24
"45 Indiana 90, 333 Eastern Illinois 55 [72]MVP: Mackenzie Mgbako (18p/7r/4a/2s)",11/10/24
"17 Creighton 96, 354 Fairleigh Dickinson 70 [78]MVP: Ryan Kalkbrenner (24p/6r/1a/3b)",11/10/24
"303 Robert Morris 79, NR Chatham 51 [68]MVP: Alvaro Folgueiras (19p/13r/4a/2b/1s)",11/10/24
"328 Cal Poly 99, NR Menlo 66 [81]MVP: Jarred Hyder (19p/6r/5a)",11/10/24
"92 Loyola Chicago 105, NR Eureka 53 [76]MVP: Sheldon Edwards (17p/1r/1a/2s)",11/10/24
"295 UT Rio Grande Valley 110, NR Champion Christian 60 [87]MVP: Howie Fleming (10p/14r/9a/1s)",11/10/24
"240 Pacific 94, NR Life Pacific 41 [72]MVP: Jazz Gardner (13p/9r/2a/1b)",11/10/24
"116 Saint Louis 95, NR Avila 44 [72]MVP: Gibson Jimerson (28p/4r/1b)",11/10/24
"242 South Dakota 77, NR Mount Marty 47 [77]MVP: Paul Bruns (8p/6r/4a/2s)",11/10/24
"194 Montana 94, NR Northwest Indian 44 [74]MVP: Kai Johnson (22p/8r/4a/2b/2s)",11/10/24
"229 Austin Peay 67, 156 Chattanooga 61 [65]MVP: Isaac Haney (14p/6r/1a/1s)",11/11/24
"96 Virginia Tech 58, 153 Winthrop 52 [63]MVP: Toibu Lawal (10p/10r/2b/2s)",11/11/24
"158 Furman 78, 187 Jacksonville 69 [73]MVP: Charles Johnston (25p/3r/1s)",11/11/24
"167 DePaul 95, 211 Mercer 64 [76]MVP: NJ Benson (15p/4r/1b)",11/11/24
"297 Cal St. Bakersfield 86, 245 North Dakota St. 81 [64]MVP: Jemel Jones (25p/1r/2a)",11/11/24
"185 Hawaii 76, 240 Pacific 66 [69]MVP: Gytis Nemeiksa (18p/10r/1a/1s)",11/11/24
"336 The Citadel 74, 304 Stetson 52 [67]MVP: Sola Adebisi (8p/7r/2a/1b/3s)",11/11/24
"11 Purdue 92, 114 Yale 84 [73]MVP: Braden Smith (22p/9r/6a/5s)",11/11/24
"6 Alabama 72, 121 McNeese 64 [67]MVP: Grant Nelson (22p/8r/3a)",11/11/24
"62 SMU 81, 168 UNC Greensboro 68 [73]MVP: B.J. Edwards (17p/7r/1a/1b/5s)",11/11/24
"21 Ohio St. 81, 163 Youngstown St. 47 [70]MVP: Aaron Bradshaw (16p/8r/2b/1s)",11/11/24
"189 Marshall 77, 316 Southern Indiana 63 [70]MVP: Nate Martin (18p/5r/1a/1s)",11/11/24
"165 North Alabama 87, 321 Tennessee Martin 69 [71]MVP: Jacari Lane (22p/2r/4a/4s)",11/11/24
"98 George Mason 94, 270 Stony Brook 56 [69]MVP: Giovanni Emejuru (17p/8r)",11/11/24
"101 Washington St. 90, 287 Idaho 67 [74]MVP: LeJuan Watts (16p/14r/3a)",11/11/24
"60 Rutgers 75, 216 Saint Peter's 65 [65]MVP: Dylan Harper (24p/6r/1a)",11/11/24
"23 Florida 86, 219 Grambling St. 62 [73]MVP: Rueben Chinyelu (14p/3r/2b/2s)",11/11/24
"25 Pittsburgh 83, 234 Gardner Webb 64 [73]MVP: Ishmael Leggett (21p/6r/4a/2s)",11/11/24
"355 LIU 63, 254 Air Force 54 [59]MVP: Wesley Celichowski (19p/4r/1a/3b)",11/11/24
"181 Tulane 84, 347 Alcorn St. 51 [64]MVP: Kaleb Banks (25p/7r/2a/1b/1s)",11/11/24
"54 Missouri 84, 253 Eastern Washington 77 [68]MVP: Caleb Grill (33p/9r/2s)",11/11/24
"104 Butler 85, 307 Western Michigan 65 [71]MVP: Pierre Brooks (20p/1r/6a/2b)",11/11/24
"10 Iowa St. 82, 200 Kansas City 56 [66]MVP: Curtis Jones (20p/5r/5a/1s)",11/11/24
"14 Marquette 70, 249 Central Michigan 62 [74]MVP: Chase Ross (12p/6r/4a/2b/4s)",11/11/24
"17 Texas A&M 97, 276 Lamar 71 [72]MVP: Zhuric Phelps (16p/4r/7a/3s)",11/11/24
"34 UCLA 71, 292 Boston University 40 [73]MVP: Eric Dailey (13p/5r/3a/3s)",11/11/24
"66 Notre Dame 86, 333 Buffalo 77 [78]MVP: Tae Davis (27p/6r/1a/2s)",11/11/24
"39 Oklahoma 73, 314 Northwestern St. 57 [68]MVP: Jalon Moore (23p/7r/2a/1s)",11/11/24
"31 Maryland 84, 356 Florida A&M 53 [72]MVP: Julian Reese (21p/9r/2a/1b)",11/11/24
"88 Virginia 62, 363 Coppin St. 45 [64]MVP: Jacob Cofie (11p/11r/2a/3b/4s)",11/11/24
"204 Montana St. 93, NR Northwest Indian 35 [70]MVP: Bryce Zephir (16p/3r/4a/1b/2s)",11/11/24
"267 Bowling Green 107, NR Taylor 43 [74]MVP: Marcus Johnson (19p/2r/2a/1s)",11/11/24
"225 Central Connecticut 117, NR Vermont St. Johnson 68 [73]MVP: Davonte Sweatman (22p/7a/1s)",11/11/24
"275 Charleston Southern 108, NR Morris 50 [78]MVP: Taje' Kelly (22p/8r/4a/1b/1s)",11/11/24
"300 UMBC 120, NR Valley Forge 61 [77]MVP: Louie Jordan (22p/6r/1a/1b/2s)",11/11/24
"272 San Jose St. 93, NR Life Pacific 56 [67]MVP: Sadraque NgaNga (29p/12r/1a)",11/11/24
"290 South Carolina St. 94, NR Voorhees 48 [74]MVP: Florian Tenebay (15p/7r/2a/2s)",11/11/24
"198 Missouri St. 90, NR Missouri Southern St. 61 [79]MVP: Vincent Brady (21p/6r/3a/3s)",11/11/24
"260 Idaho St. 87, NR Southern Oregon 63 [66]MVP: Jake O'Neil (17p/8r/1s)",11/11/24
"183 Georgia Southern 79, NR Augusta St. 69 [72]MVP: Bradley Douglas (22p/3r/1a/2s)",11/11/24
"343 Alabama A&M 103, NR Arkansas Baptist 57 [75]MVP: Chad Moodie (13p/8r/2b/1s)",11/11/24
"224 Howard 91, NR Dillard 73 [85]MVP: Marcus Dockery (23p/1r/2a)",11/11/24
"8 Kansas 77, 34 Michigan St. 69 [79]MVP: Hunter Dickinson (28p/12r/1a/1b/3s)",11/12/24
"31 Kentucky 77, 3 Duke 72 [74]MVP: Andrew Carr (17p/5r/3a)",11/12/24
"114 Saint Joseph's 83, 48 Villanova 76 [75]MVP: Rasheer Fleming (19p/5r/2b/1s)",11/12/24
"60 UCF 100, 84 Florida Atlantic 94 [80]MVP: Keyshawn Hall (26p/7r/3a/1b/1s)",11/12/24
"144 UC Riverside 70, 160 Cal Baptist 69 [67]MVP: Barrington Hargress (25p/3r/3a/1s)",11/12/24
"208 Illinois St. 85, 143 Ohio 75 [64]MVP: Dalton Banks (23p/5r/2a/1s)",11/12/24
"75 South Carolina 80, 122 Towson 54 [69]MVP: Collin Murray-Boyles (27p/9r/1a/1s)",11/12/24
"135 La Salle 93, 165 Cornell 77 [75]MVP: Corey McKeithan (25p/2r/2a/1b)",11/12/24
"175 Belmont 80, 120 Lipscomb 79 [69]MVP: Jacob Ognacevic (28p/7r/4a/1b/1s)",11/12/24
"250 William & Mary 84, 192 Norfolk St. 73 [72]MVP: Brian Moore (31p/6r/2a)",11/12/24
"24 Baylor 104, 104 Sam Houston St. 67 [73]MVP: VJ Edgecombe (13p/10r/7a/1b/3s)",11/12/24
"202 Cleveland St. 75, 247 Valparaiso 67 [68]MVP: Dylan Arnett (19p/14r/2a/3b)",11/12/24
"217 Portland St. 85, 262 San Diego 76 [87]MVP: Terri Miller (15p/6r/2a/4s)",11/12/24
"73 Georgia 90, 139 North Florida 77 [69]MVP: Silas Demary (17p/6r/5a/1b/1s)",11/12/24
"256 Lafayette 65, 234 Penn 63 [58]MVP: Caleb Williams (17p/1r)",11/12/24
"42 Saint Mary's 87, 132 Akron 68 [71]MVP: Paulius Murauskas (17p/15r/6a/3s)",11/12/24
"252 Rider 90, 238 Navy 79 [69]MVP: Ife West-Ingram (14p/7r/6a/1b/1s)",11/12/24
"324 Northern Illinois 79, 263 Monmouth 66 [71]MVP: Quentin Jones (22p/2r/1a/1b)",11/12/24
"248 Radford 87, 284 Old Dominion 75 [70]MVP: Jarvis Moss (23p/5r/3a/2s)",11/12/24
"304 Siena 74, 218 American 66 [59]MVP: Peter Carey (16p/3r/1a/6b/2s)",11/12/24
"121 Temple 69, 189 Drexel 61 [64]MVP: Jamal Mashburn (20p/5r/4a/1s)",11/12/24
"289 Fairfield 62, 333 New Hampshire 56 [66]MVP: Peyton Smith (11p/8r/2a/1b/1s)",11/12/24
"275 Delaware 64, 200 Iona 58 [69]MVP: Yaphet Moundi (16p/18r/1a/3b/3s)",11/12/24
"346 Loyola MD 68, 347 NJIT 50 [64]MVP: Jordan Stiemke (15p/3r/1s)",11/12/24
"318 Tennessee Tech 76, 335 West Georgia 73 [73]MVP: Shelton Williams-Dryden (20p/10r/2s)",11/12/24
"50 TCU 76, 147 Texas St. 71 [73]MVP: Noah Reynolds (17p/1r/5a/1s)",11/12/24
"149 Columbia 76, 278 Lehigh 75 [63]MVP: Geronimo Rubio De La Rosa (24p/8r/3a/3s)",11/12/24
"310 Incarnate Word 84, 352 Prairie View A&M 81 [71]MVP: Jordan Pyke (20p/12r/2a/2b/1s)",11/12/24
"228 Rice 66, 316 Louisiana Monroe 50 [66]MVP: Alem Huseinovic (15p/2r/1a/2s)",11/12/24
"37 Northwestern 83, 181 Illinois Chicago 74 [72]MVP: Nick Martinelli (27p/3r/3a)",11/12/24
"141 George Washington 85, 274 North Carolina A&T 80 [75]MVP: Rafael Castro (12p/12r/1a/3b/3s)",11/12/24
"112 Arkansas St. 80, 245 Little Rock 63 [67]MVP: Kobe Julien (16p/2r/1b/6s)",11/12/24
"136 Purdue Fort Wayne 91, 286 Bethune Cookman 69 [74]MVP: Rasheed Bello (31p/3r/2a/1b/5s)",11/12/24
"100 Bradley 85, 227 UTSA 72 [76]MVP: Duke Deen (22p/6r/5a/1s)",11/12/24
"319 SIUE 77, 198 Indiana St. 72 [70]MVP: Ray'Sean Taylor (22p/4r/6a/1s)",11/12/24
"108 High Point 76, 281 North Carolina Central 60 [60]MVP: Kezza Giffa (26p/4r/4a/3s)",11/12/24
"59 Mississippi 64, 223 South Alabama 54 [65]MVP: Sean Pedulla (27p/4r/2a/4s)",11/12/24
"86 Syracuse 74, 244 Colgate 72 [70]MVP: Eddie Lampkin (15p/12r/5a/1b/1s)",11/12/24
"111 UC San Diego 64, 303 Sacramento St. 54 [62]MVP: Aniwaniwa Tait-Jones (21p/8r/4a/2s)",11/12/24
"162 Fordham 78, 325 Binghamton 63 [71]MVP: Jackie Johnson (23p/5r/4a/3s)",11/12/24
"57 New Mexico 100, 221 Texas A&M Corpus Chris 81 [84]MVP: Donovan Dent (25p/10a/2s)",11/12/24
"79 Stanford 90, 246 Northern Arizona 64 [61]MVP: Maxime Raynaud (22p/11r/2a)",11/12/24
"92 Georgia Tech 81, 272 Texas Southern 62 [74]MVP: Baye Ndongo (19p/11r/1a/1s)",11/12/24
"83 Florida St. 72, 277 Tarleton St. 52 [73]MVP: Chris Mpaka (15p/11r/1a/5b/2s)",11/12/24
"41 Iowa 96, 242 South Dakota 77 [73]MVP: Josh Dix (23p/4r/5a/1s)",11/12/24
"65 Utah 96, 269 Queens 65 [76]MVP: Mike Sharavjamts (19p/7r/5a/1b/1s)",11/12/24
"26 Clemson 75, 243 Eastern Kentucky 62 [65]MVP: Viktor Lakhin (19p/12r/2a/3b/2s)",11/12/24
"201 Miami OH 88, 362 Maryland Eastern Shore 70 [63]MVP: Eian Elmer (24p/9r/2a/1b/1s)",11/12/24
"21 Mississippi St. 80, 276 Southeastern Louisiana 59 [72]MVP: Josh Hubbard (23p/2r/5a)",11/12/24
"77 Colorado St. 74, 322 Denver 65 [69]MVP: Jalen Lake (19p/3r/3a/1s)",11/12/24
"53 Xavier 94, 323 Jackson St. 57 [73]MVP: Zach Freemantle (21p/4r/3a)",11/12/24
"71 Providence 60, 327 Hampton 51 [60]MVP: Jayden Pierre (13p/6r/2a/1b/1s)",11/12/24
"22 Oregon 80, 313 Portland 70 (OT) [80]MVP: Jadrian Tracey (19p/5r/2a/4s)",11/12/24
"125 South Florida 85, 359 Arkansas Pine Bluff 69 [70]MVP: Dante Sawyer (24p/8r/1a/1s)",11/12/24
"43 Penn St. 92, 345 Saint Francis 62 [81]MVP: Puff Johnson (20p/3r/4s)",11/12/24
"25 Texas 105, 341 Chicago St. 58 [77]MVP: Ze'Rik Onyema (18p/6r/1a/1b/2s)",11/12/24
"207 UTEP 78, NR Texas Permian Basin 58 [71]MVP: Otis Frazier (17p/4r/7a/1b/4s)",11/12/24
"222 Abilene Christian 101, NR McMurry 55 [76]MVP: Dontrez Williams (14p/4r/2a/3s)",11/12/24
"138 East Carolina 110, NR Mount Olive 73 [86]MVP: RJ Felton (19p/12r/8a/2s)",11/12/24
"360 IU Indy 97, NR Goshen 55 [79]MVP: Paul Zilinskas (27p/2r/3a)",11/12/24
"129 Western Kentucky 104, NR Campbellsville 76 [78]MVP: Khristian Lander (23p/2r/2a/1s)",11/12/24
"44 Boise St. 100, NR Corban 65 [75]MVP: Javan Buchanan (16p/2r/2a/1b)",11/12/24
"337 Morgan St. 90, NR UDC 64 [80]MVP: Wynston Tabbs (24p/7r/1a/1b/5s)",11/12/24
"107 Rhode Island 105, NR Franklin Pierce 73 [80]MVP: Javonte Brown (16p/5r/3b/1s)",11/12/24
"171 Northern Colorado 113, NR Colorado Christian 56 [68]MVP: Isaiah Hawthorne (24p/6r/3a/1b/1s)",11/12/24
"342 Delaware St. 70, NR Gwynedd Mercy 54 [69]MVP: Martaz Robinson (21p/12r/1a/1s)",11/12/24
"210 Southern Miss 104, NR Loyola LA 65 [82]MVP: Cobie Montgomery (17p/2r/4a/1b)",11/12/24
"164 UC Davis 80, NR Menlo 70 [74]MVP: TY Johnson (22p/6r/5a/2b/2s)",11/12/24
"199 Southern Utah 107, NR Bethesda 54 [84]MVP: Xavier Sykes (12p/3r/1a/1s)",11/12/24
"177 Stephen F. Austin 87, NR LeTourneau 68 [72]MVP: Nana Antwi-Boasiako (14p/9r/3a)",11/12/24
"94 Liberty 81, NR Carolina 45 [69]MVP: Brett Decker (18p/2r/3a)",11/12/24
"264 North Dakota 85, NR Dickinson St. 54 [73]MVP: Treysen Eaglestaff (17p/4r/4a/1s)",11/12/24
"52 San Diego St. 100, NR Occidental 49 [71]MVP: BJ Davis (16p/4r/3a/5s)",11/12/24
"279 Army 101, NR Mount Saint Mary 48 [67]MVP: Ryan Curry (20p/1r/8a/1s)",11/12/24
"354 VMI 102, NR Christendom 56 [75]MVP: TJ Johnson (23p/9r/1a/1b/5s)",11/12/24
"317 Manhattan 88, NR Mercy 71 [68]MVP: Shaquil Bender (28p/4r/2a/3s)",11/12/24
"173 James Madison 100, NR Mary Baldwin 52 [80]MVP: Elijah Hutchins-Everett (21p/12r)",11/12/24
"154 Samford 108, NR Rhodes 52 [82]MVP: Jaden Brownell (15p/3r/1a/3b/1s)",11/12/24
"103 Oregon St. 94, NR Western Oregon 58 [73]MVP: Nate Kingz (18p/2r/4a/4s)",11/12/24
"74 North Texas 54, 68 Minnesota 51 [57]MVP: Dawson Garcia (24p/8r/1a/1b)",11/13/24
"91 Louisiana Tech 76, 112 Massachusetts 66 [70]MVP: Amaree Abram (19p/6r/2a/3s)",11/13/24
"160 Hofstra 49, 107 Seton Hall 48 [58]MVP: Chaunce Jenkins (18p/5r/1a/2s)",11/13/24
"95 Vanderbilt 85, 134 California 69 [76]MVP: Tyler Tanner (14p/3r/2a/3s)",11/13/24
"118 St. Bonaventure 74, 221 Florida Gulf Coast 65 [69]MVP: Chance Moore (18p/8r/1a/3s)",11/13/24
"154 Toledo 86, 179 Wright St. 77 [72]MVP: Sonny Wilson (20p/8r/3a)",11/13/24
"183 Longwood 76, 196 Milwaukee 62 [81]MVP: Elijah Tucker (14p/8r/1a/2s)",11/13/24
"238 Jacksonville St. 72, 204 Georgia St. 67 [73]MVP: Jaron Pierre (27p/2r/5a)",11/13/24
"150 Charlotte 65, 171 Richmond 48 [64]MVP: Nik Graves (23p/7r/4a/1s)",11/13/24
"266 Presbyterian 71, 132 Wofford 68 [63]MVP: Kobe Stewart (26p/10r/2a/1s)",11/13/24
"191 Northeastern 78, 242 Harvard 56 [71]MVP: Ryan Williams (21p/2r/3a/1s)",11/13/24
"250 Albany 87, 315 Dartmouth 73 [72]MVP: Justin Neely (18p/6r/2s)",11/13/24
"225 Howard 88, 295 Tennessee St. 84 (OT) [73]MVP: Brandon Weston (26p/11r/1s)",11/13/24
"32 Arkansas 65, 116 Troy 49 [68]MVP: Zvonimir Ivisic (19p/2r/5b/3s)",11/13/24
"351 Mercyhurst 62, 312 Canisius 52 [62]MVP: Jeff Planutis (15p/2r/3a/1b/3s)",11/13/24
"322 Southern Indiana 71, 320 Bellarmine 69 [68]MVP: Jayland Randall (21p/3r/3s)",11/13/24
"136 Middle Tennessee 80, 215 Evansville 63 [73]MVP: Essam Mostafa (18p/10r/3a/1b)",11/13/24
"282 Mount St. Mary's 93, 207 Bucknell 89 (2OT) [85]MVP: Jedy Cordilia (22p/8r/3a/2b)",11/13/24
"317 Green Bay 87, 290 Western Illinois 73 [68]MVP: Anthony Roy (35p/8r/2a/1b)",11/13/24
"358 Texas A&M Commerce 70, 259 Southern 68 [71]MVP: Evan Phelps (14p/1r/3a/2b/4s)",11/13/24
"147 Tulsa 85, 255 Oral Roberts 76 [69]MVP: Keaston Willis (22p/8r/3a/1s)",11/13/24
"52 USC 98, 192 UT Arlington 95 [80]MVP: Desmond Claude (26p/5r/8a/1s)",11/13/24
"111 UC Santa Barbara 91, 258 Fresno St. 86 [82]MVP: Stephan Swenson (14p/4r/6a/2s)",11/13/24
"1 Auburn 79, 131 Kent St. 56 [63]MVP: Johni Broome (18p/12r/4a/3b)",11/13/24
"228 Central Michigan 70, 82 George Mason 69 [69]MVP: Anthony Pritchard (21p/1r/5a/5s)",11/13/24
"252 North Dakota St. 88, 87 Santa Clara 80 (OT) [77]MVP: Jacari White (19p/6r/5a/1b/2s)",11/13/24
"36 VCU 63, 178 Merrimack 42 [71]MVP: Joe Bamisile (20p/2r/4a/1b/3s)",11/13/24
"76 San Francisco 84, 241 Long Beach St. 54 [66]MVP: Jason Rivera-Torres (12p/4r/4a/1b/1s)",11/13/24
"2 Houston 91, 166 Louisiana 45 [72]MVP: Milos Uzan (13p/4r/5a/2s)",11/13/24
"55 Nevada 88, 214 Weber St. 58 [64]MVP: Xavier DuSell (17p/2r/2a/1s)",11/13/24
"21 Illinois 66, 211 Oakland 54 [69]MVP: Tomislav Ivisic (20p/6r/4s)",11/13/24
"83 Colorado 83, 263 Cal St. Fullerton 53 [67]MVP: Julian Hammond (11p/2r/4a/2s)",11/13/24
"9 Tennessee 92, 197 Montana 57 [68]MVP: Igor Milicic (18p/10r/5a/2s)",11/13/24
"11 Texas Tech 96, 199 Wyoming 49 [69]MVP: JT Toppin (24p/12r/1a/2s)",11/13/24
"29 Dayton 77, 243 Ball St. 69 [71]MVP: Malachi Smith (17p/6r/10a/3s)",11/13/24
"58 N.C. State 82, 279 Coastal Carolina 70 [71]MVP: Trey Parker (13p/5r/1s)",11/13/24
"31 BYU 99, 284 Queens 55 [74]MVP: Dawson Baker (22p/1r/2a/1s)",11/13/24
"15 St. John's 66, 277 Wagner 45 [64]MVP: RJ Luis (13p/5r/1a/1s)",11/13/24
"72 Nebraska 86, 352 Fairleigh Dickinson 60 [72]MVP: Juwan Gary (19p/2r/5a/2b/2s)",11/13/24
"4 Connecticut 90, 337 Le Moyne 49 [63]MVP: Tarris Reed (12p/10r/1a)",11/13/24
"53 Wake Forest 85, 349 USC Upstate 80 [72]MVP: Hunter Sallis (23p/5r/6a/3s)",11/13/24
"19 Creighton 78, 357 Houston Christian 43 [67]MVP: Ryan Kalkbrenner (16p/5r/3b/1s)",11/13/24
"217 Kennesaw St. 94, NR Bryan 59 [79]MVP: Adrian Wooley (13p/9r/7a/1s)",11/13/24
"218 CSUN 98, NR Nobel 50 [74]MVP: Keonte Jones (13p/10r/7a/1b/3s)",11/13/24
"287 Western Carolina 99, NR Truett McConnell 64 [77]MVP: Chevalier Emery (24p/4r/3a/2s)",11/13/24
"47 Utah St. 117, NR Westminster UT 53 [73]MVP: Ian Martinez (24p/2r/4a/1s)",11/13/24
"304 Utah Tech 90, NR Bethesda 59 [82]MVP: Beon Riley (14p/10r/2a/3s)",11/13/24
"249 Mercer 101, NR Trinity Baptist 43 [84]MVP: Angel Montas (14p/5r/1a/2s)",11/13/24
"340 Central Arkansas 108, NR Randall 49 [78]MVP: Elias Cato (19p/8r/3a/2s)",11/13/24
"106 Yale 100, NR Emerson 46 [72]MVP: John Poulakidas (18p/3r/2a)",11/13/24
"325 Southeast Missouri 93, NR Crowley's Ridge 38 [76]MVP: Damarion Walkup (23p/6r/1a/2s)",11/13/24
"344 Alabama A&M 103, NR Fisk 69 [81]MVP: AC Bryant (12p/7r/3a/3s)",11/13/24
"181 East Tennessee St. 82, NR Tusculum 54 [76]MVP: Allen Strothers (10p/2r/5a/4s)",11/13/24
"309 Campbell 83, NR Newberry 40 [67]MVP: Bragi Gudmundsson (14p/4r/1a/1b/2s)",11/13/24
"81 Washington 77, NR Seattle Pacific 62 [72]MVP: Great Osobor (18p/8r/3a/1b/7s)",11/13/24
"50 LSU 76, 51 Kansas St. 65 [69]MVP: Cam Carter (20p/4r/2a/1b)",11/14/24
"69 Arizona St. 87, 73 Grand Canyon 76 [74]MVP: Basheer Jihad (18p/5r/5a/1s)",11/14/24
"170 Northern Colorado 78, 174 South Dakota St. 69 [71]MVP: Oscar Cluff (22p/11r/3a/1b)",11/14/24
"83 Wichita St. 79, 134 Northern Iowa 73 [69]MVP: Jacob Hutson (22p/4r/3a/2s)",11/14/24
"193 Nicholls 61, 175 Northern Kentucky 59 [68]MVP: Trey Robinson (19p/7r/4a/3b/1s)",11/14/24
"265 North Dakota 77, 126 Utah Valley 71 [70]MVP: Treysen Eaglestaff (31p/1r/3a)",11/14/24
"88 Oklahoma St. 85, 160 Southern Illinois 78 [73]MVP: Abou Ousmane (18p/4r/4a/2b/3s)",11/14/24
"277 Northern Arizona 60, 252 Pacific 57 [66]MVP: Elias Ralph (23p/11r/5a/2s)",11/14/24
"351 New Orleans 82, 349 Lindenwood 74 [72]MVP: James White (20p/11r/2a/2b/1s)",11/14/24
"176 Bryant 87, 321 Buffalo 64 [78]MVP: Earl Timberlake (13p/8r/8a/2s)",11/14/24
"146 New Mexico St. 83, 218 Texas A&M Corpus Chris 82 [75]MVP: Isaac Williams (21p/5r/9a/2s)",11/14/24
"311 Eastern Michigan 74, 360 IU Indy 71 [71]MVP: Jalen Terry (28p/9r/3s)",11/14/24
"192 Jacksonville 71, 281 South Carolina St. 62 [71]MVP: Chris Arias (19p/4r/1a/1b)",11/14/24
"329 Cal Poly 75, 147 Seattle 71 [74]MVP: Matthew-Alexander Moncreiffe (14p/15r/1a/3s)",11/14/24
"172 Chattanooga 76, 293 Morehead St. 62 [71]MVP: Bash Wieland (26p/5r/1a/3s)",11/14/24
"300 Robert Morris 63, 361 Stonehill 51 [68]MVP: Amarion Dickerson (10p/7r/1a/7b/2s)",11/14/24
"296 UMBC 92, 363 Coppin St. 67 [72]MVP: Ace Valentine (7p/3r/11a/3s)",11/14/24
"92 UNLV 80, 284 Nebraska Omaha 69 [73]MVP: Jalen Hill (17p/8r/1a/1b/5s)",11/14/24
"64 Missouri 111, 364 Mississippi Valley St. 39 [68]MVP: Mark Mitchell (13p/3r/2a/1b/5s)",11/14/24
"308 Denver 86, NR Colorado Christian 63 [70]MVP: Nicholas Shogbonyo (16p/6r/3a/1s)",11/14/24
"285 Tarleton St. 88, NR Tabor 57 [75]MVP: Joseph Martinez (17p/3r/4a/2b/1s)",11/14/24
"245 South Dakota 92, NR Dakota Wesleyan 69 [66]MVP: Isaac Bruns (23p/4r/2s)",11/14/24
"266 FIU 110, NR Florida National 55 [80]MVP: Vianney Salatchoum (16p/9r/1a/3b/1s)",11/14/24
"312 The Citadel 79, NR North Greenville 54 [70]MVP: Sola Adebisi (16p/12r/1a/2b/1s)",11/14/24
"140 UC Riverside 79, NR La Sierra 51 [64]MVP: Kaleb Smith (21p/5r/2s)",11/14/24
"328 Louisiana Monroe 110, NR Ecclesia 48 [73]MVP: Makai Willis (18p/4r/3a/1b/2s)",11/14/24
"12 Purdue 87, 10 Alabama 78 [68]MVP: Trey Kaufman-Renn (26p/8r/4a)",11/15/24
"40 Wisconsin 103, 7 Arizona 88 [82]MVP: John Tonje (41p/6r/1a/1s)",11/15/24
"18 Texas A&M 78, 15 Ohio St. 64 [67]MVP: Bruce Thornton (15p/4a/2s)",11/15/24
"24 Marquette 78, 29 Maryland 74 [68]MVP: Kam Jones (28p/4r/1a/1s)",11/15/24
"21 Florida 87, 80 Florida St. 74 [75]MVP: Walter Clayton (25p/5r/3a/1b/1s)",11/15/24
"100 Butler 81, 60 SMU 70 [69]MVP: Jahmyl Telfort (19p/6r/5a/1s)",11/15/24
"72 Georgia 77, 88 Georgia Tech 69 [75]MVP: Silas Demary (18p/7r/3a/1s)",11/15/24
"31 Michigan 76, 53 TCU 64 [73]MVP: Danny Wolf (14p/14r/4a/2b)",11/15/24
"89 Loyola Chicago 73, 87 Princeton 68 [71]MVP: Jayden Dawson (17p/1r/3b/1s)",11/15/24
"111 Charleston 119, 85 Florida Atlantic 116 (2OT) [93]MVP: Ante Brzovic (39p/13r/4a/2b/1s)",11/15/24
"94 Virginia 70, 56 Villanova 60 [63]MVP: Isaac McKneely (23p/2r/2a/1s)",11/15/24
"43 Penn St. 86, 93 Virginia Tech 64 [73]MVP: Ace Baldwin (19p/2r/10a/3s)",11/15/24
"103 High Point 68, 99 UAB 65 [68]MVP: D'Maurian Williams (23p/2r/3a)",11/15/24
"44 Iowa 76, 92 Washington St. 66 [77]MVP: Owen Freeman (21p/11r/1s)",11/15/24
"27 Pittsburgh 86, 76 West Virginia 62 [73]MVP: Damian Dunn (23p/3r/2a)",11/15/24
"143 Boston College 72, 120 Temple 69 [65]MVP: Elijah Strong (25p/13r/1a/1s)",11/15/24
"154 Samford 97, 163 North Alabama 96 (OT) [88]MVP: Jaden Brownell (24p/8r/1a/3s)",11/15/24
"149 Furman 75, 159 Tulane 67 [66]MVP: PJay Smith (29p/2r/3a/3s)",11/15/24
"137 DePaul 84, 155 Duquesne 58 [62]MVP: David Skogman (16p/9r/3a/1s)",11/15/24
"226 Iona 62, 122 Vermont 59 [67]MVP: James Patterson (18p/6r/1a/2s)",11/15/24
"102 Saint Joseph's 86, 245 Penn 69 [65]MVP: Rasheer Fleming (15p/6r/2b/2s)",11/15/24
"166 Belmont 79, 302 Air Force 71 [64]MVP: Isaiah Walker (11p/7r/6a/1b/1s)",11/15/24
"285 UT Rio Grande Valley 86, 277 Charleston Southern 76 [79]MVP: Hasan Abdul-Hakim (24p/4s)",11/15/24
"230 Quinnipiac 58, 249 Maine 55 [67]MVP: Amarri Monroe (21p/7r/1a/1b/4s)",11/15/24
"229 Gardner Webb 80, 270 Elon 79 [66]MVP: Darryl Simmons (15p/5r/2a/2s)",11/15/24
"340 Holy Cross 82, 335 Sacred Heart 75 [62]MVP: Max Green (25p/7r/1a)",11/15/24
"304 SIUE 79, 313 Western Michigan 60 [67]MVP: Ray'Sean Taylor (30p/4r/7a/2s)",11/15/24
"240 Marist 91, 275 Army 88 (OT) [70]MVP: Ryan Curry (28p/3r/3a/2s)",11/15/24
"177 Georgia Southern 80, 291 North Carolina Central 75 [76]MVP: Nakavieon White (24p/6r/1a/2s)",11/15/24
"151 Winthrop 86, 233 William & Mary 85 [79]MVP: Nick Johnson (17p/1r/3s)",11/15/24
"321 Tennessee Tech 72, 352 VMI 71 [72]MVP: Augustinas Kiudulas (21p/12r/1a/3b/2s)",11/15/24
"361 Stonehill 80, 348 New Orleans 54 [71]MVP: Josh Morgan (20p/10r/1a)",11/15/24
"320 Manhattan 78, 161 Fordham 76 [75]MVP: Will Sydnor (24p/5r/1a/1b)",11/15/24
"3 Gonzaga 113, 125 UMass Lowell 54 [83]MVP: Khalif Battle (21p/4r/3a/3s)",11/15/24
"157 UNC Wilmington 89, 330 USC Upstate 85 [78]MVP: Donovan Newby (20p/5r/2a/1s)",11/15/24
"38 Memphis 94, 162 Ohio 70 [76]MVP: Tyrese Hunter (21p/5r/6a/1b/4s)",11/15/24
"251 Brown 76, 342 New Hampshire 58 [67]MVP: Kino Lilly (26p/1r/4a/1s)",11/15/24
"294 Robert Morris 67, 353 Lindenwood 53 [63]MVP: Alvaro Folgueiras (10p/14r/2a/2b/1s)",11/15/24
"13 Cincinnati 86, 184 Nicholls 49 [65]MVP: Simas Lukosius (19p/6r/6a/1s)",11/15/24
"105 Oregon St. 70, 290 Cal St. Fullerton 51 [62]MVP: Nate Kingz (22p/8r/2a/1b/1s)",11/15/24
"303 Old Dominion 73, 362 Maryland Eastern Shore 71 [71]MVP: Ketron Shaw (30p/6r/2a)",11/15/24
"169 Cal Baptist 90, 336 LIU 77 [67]MVP: Martel Williams (23p/3r/2a/2b/1s)",11/15/24
"16 North Carolina 107, 243 American 55 [74]MVP: Elliot Cadeau (18p/3r/8a/4s)",11/15/24
"127 South Florida 74, 333 West Georgia 55 [65]MVP: Jamille Reynolds (12p/11r/5b)",11/15/24
"28 UCLA 85, 258 Lehigh 45 [65]MVP: Eric Dailey (17p/10r/2a)",11/15/24
"64 Rutgers 98, 295 Monmouth 81 [70]MVP: Abdi Bashir (38p/1r)",11/15/24
"45 Northwestern 67, 344 Eastern Illinois 58 (OT) [65]MVP: Jalen Leach (27p/1r/1a/1s)",11/15/24
"174 St. Thomas 102, NR St. Norbert 54 [74]MVP: Ben Oosterbaan (19p/5r/1b/3s)",11/15/24
"276 Fairfield 93, NR John Jay 44 [72]MVP: Prophet Johnson (25p/13r/5a/3s)",11/15/24
"172 UT Arlington 95, NR Texas College 69 [77]MVP: Brody Robinson (14p/4r/8a/1b/2s)",11/15/24
"76 Notre Dame 84, 91 Georgetown 63 [64]MVP: Matt Allocco (17p/5r/7a)",11/16/24
"86 Florida Atlantic 77, 95 Liberty 74 (OT) [73]MVP: Matas Vokietaitis (17p/6r)",11/16/24
"61 Mississippi 84, 84 Colorado St. 69 [63]MVP: Jaylen Murray (16p/2r/6a/2s)",11/16/24
"39 Indiana 87, 60 South Carolina 71 [72]MVP: Myles Rice (23p/4r/3a/1s)",11/16/24
"48 Xavier 75, 71 Wake Forest 60 [66]MVP: Ryan Conwell (21p/4a/1b/3s)",11/16/24
"135 East Carolina 78, 96 George Mason 77 (2OT) [78]MVP: RJ Felton (27p/8r/2a/4s)",11/16/24
"74 Minnesota 59, 104 Yale 56 [54]MVP: Dawson Garcia (24p/6r/2a/2s)",11/16/24
"119 Murray St. 88, 127 Middle Tennessee 67 [68]MVP: KyeRon Lindsay (27p/8r/4a/5b)",11/16/24
"126 La Salle 71, 190 Drexel 68 [69]MVP: Demetrius Lilley (18p/11r/2a/1b)",11/16/24
"196 Missouri St. 111, 147 Tulsa 106 (3OT) [104]MVP: Braeden Carrington (20p/10r/5a/5s)",11/16/24
"216 Abilene Christian 72, 134 Texas St. 60 [69]MVP: Joshua O'Garro (23p/11r/1a/1b/3s)",11/16/24
"163 Seattle 84, 111 UC San Diego 71 [65]MVP: Maleek Arington (21p/1r/6a/1b)",11/16/24
"49 Nevada 85, 109 Santa Clara 59 [65]MVP: Nick Davidson (18p/8r/3a/1b/1s)",11/16/24
"151 Hofstra 75, 122 Massachusetts 71 (OT) [72]MVP: Cruz Davis (21p/6r/4a/1s)",11/16/24
"182 Georgia Southern 89, 162 Winthrop 87 [87]MVP: Kasen Harrison (24p/5r/2a/1b)",11/16/24
"118 Saint Louis 77, 149 Loyola Marymount 71 [70]MVP: Gibson Jimerson (23p/7r/1a)",11/16/24
"227 Bucknell 80, 193 Richmond 76 (2OT) [85]MVP: Noah Williamson (26p/10r/4a/5b/1s)",11/16/24
"164 Northeastern 80, 223 Central Connecticut 62 [69]MVP: Harold Woods (26p/10r/1a/3s)",11/16/24
"142 Towson 67, 178 James Madison 63 [65]MVP: Dylan Williamson (22p/5r/2a/2s)",11/16/24
"205 Saint Peter's 69, 270 UMBC 61 [60]MVP: Marcus Randolph (19p/6r/1a)",11/16/24
"125 Davidson 76, 176 East Tennessee St. 70 [63]MVP: Jaden Seymour (21p/4r/2a/1s)",11/16/24
"229 Indiana St. 94, 219 Ball St. 84 [80]MVP: K'mani Doughty (17p/5r/1s)",11/16/24
"279 Cal St. Bakersfield 74, 247 Fresno St. 56 [72]MVP: Corey Stephenson (17p/9r/1a/1b/1s)",11/16/24
"215 Kennesaw St. 85, 248 Presbyterian 67 [68]MVP: Simeon Cottle (27p/1r/4a/2s)",11/16/24
"221 CSUN 79, 298 Sacramento St. 69 [70]MVP: Scotty Washington (27p/2r/2s)",11/16/24
"290 North Carolina Central 78, 220 William & Mary 76 [71]MVP: Matteus Case (19p/5r/4a/1s)",11/16/24
"238 Radford 92, 231 Evansville 81 [63]MVP: Jarvis Moss (30p/4r/4a/3s)",11/16/24
"106 Arkansas St. 59, 175 Stephen F. Austin 49 [65]MVP: Taryn Todd (21p/6r/4a/1b/3s)",11/16/24
"212 Norfolk St. 67, 318 Hampton 58 [61]MVP: Christian Ings (16p/3r/7a)",11/16/24
"295 Bethune Cookman 75, 285 South Carolina St. 62 [72]MVP: Brayon Freeman (20p/4r/4a)",11/16/24
"259 Idaho St. 78, 274 San Diego 66 [76]MVP: Evan Otten (13p/9r/1a/5b/1s)",11/16/24
"206 South Alabama 75, 249 Mercer 66 [69]MVP: Myles Corey (28p/6r/1a/2s)",11/16/24
"346 Sacred Heart 80, 350 New Hampshire 63 [65]MVP: Raymond Espinal-Guzman (16p/11r/3a/1b/1s)",11/16/24
"101 Syracuse 104, 183 Youngstown St. 95 (2OT) [90]MVP: J.J. Starling (38p/7r/3a/1b)",11/16/24
"263 Little Rock 81, 226 UTSA 64 [72]MVP: Ante Beljan (21p/4r/5a/1b)",11/16/24
"262 UT Rio Grande Valley 83, 320 Tennessee Tech 58 [68]MVP: Howie Fleming (11p/9r/3a/2s)",11/16/24
"301 Portland 63, 265 Long Beach St. 61 [61]MVP: Austin Rapp (18p/4r/1a/1b)",11/16/24
"233 Albany 70, 287 Siena 60 [66]MVP: Justin Neely (21p/8r/1a/1s)",11/16/24
"177 Cornell 81, 261 Lafayette 71 [68]MVP: Jake Fiegen (15p/4r/1a/2s)",11/16/24
"251 SIUE 76, 327 Canisius 58 [67]MVP: Brian Taylor (23p/6r/4a/1s)",11/16/24
"199 Southern Utah 79, 280 Nebraska Omaha 73 [70]MVP: Dominique Ford (22p/4r/3a/1b)",11/16/24
"292 Boston University 78, 331 Dartmouth 50 [68]MVP: Kyrone Alexander (21p/9r/1s)",11/16/24
"351 VMI 80, 296 Charleston Southern 69 [72]MVP: Reis Jones (21p/14r/1b)",11/16/24
"317 Western Illinois 63, 340 Central Arkansas 61 [61]MVP: Sean Smith (17p/6r/4a/5s)",11/16/24
"148 Toledo 82, 338 Detroit Mercy 67 [73]MVP: Sonny Wilson (22p/5r/6a/1s)",11/16/24
"222 Wyoming 86, 302 Utah Tech 69 [73]MVP: Kobe Newton (19p/2r/4a/1s)",11/16/24
"330 Holy Cross 73, 240 Brown 65 [66]MVP: Tyler Boston (18p/4r/2a/2s)",11/16/24
"207 Rice 77, 308 Northwestern St. 75 (OT) [71]MVP: Kellen Amos (16p/8r/7a/1b/1s)",11/16/24
"334 Morgan St. 81, 358 NJIT 69 [70]MVP: Will Thomas (18p/2r/1a/1b)",11/16/24
"115 Drake 63, 239 Florida Gulf Coast 61 [63]MVP: Bennett Stirtz (25p/7r/4a/3s)",11/16/24
"297 Tennessee St. 81, 342 Alabama A&M 71 [81]MVP: Brandon Weston (25p/9r/3a/3s)",11/16/24
"316 Incarnate Word 92, 355 Arkansas Pine Bluff 64 [67]MVP: Jordan Pyke (17p/8r/6a/1b/3s)",11/16/24
"254 Mount St. Mary's 66, 344 Saint Francis 58 [68]MVP: Terrell Ard (12p/9r/3a/1s)",11/16/24
"191 Cleveland St. 71, 311 Eastern Michigan 63 [66]MVP: Tevin Smith (24p/7r)",11/16/24
"5 Duke 86, 145 Wofford 35 [64]MVP: Caleb Foster (13p/1r/2a/2s)",11/16/24
"59 UC Irvine 80, 236 Pepperdine 62 [70]MVP: Devin Tillis (25p/11r/2a)",11/16/24
"180 Marshall 83, 321 Bellarmine 62 [70]MVP: Nate Martin (23p/9r/1b/2s)",11/16/24
"161 Longwood 64, 326 Tennessee Martin 62 [68]MVP: K.J. McClurg (25p/2r/2s)",11/16/24
"114 Seton Hall 54, 276 Wagner 28 [53]MVP: Chaunce Jenkins (16p/3r/3a/1b)",11/16/24
"157 Columbia 77, 341 Mercyhurst 63 [63]MVP: Geronimo Rubio De La Rosa (21p/2r/3a)",11/16/24
"124 Purdue Fort Wayne 93, 314 Southern Indiana 74 [68]MVP: Jalen Jackson (29p/4r/3a/3s)",11/16/24
"19 Creighton 79, 204 Kansas City 56 [70]MVP: Jamiya Neal (11p/11r/6a/1s)",11/16/24
"7 Kansas 78, 195 Oakland 57 [63]MVP: AJ Storr (16p/2r/3a)",11/16/24
"77 Providence 79, 288 Green Bay 65 [67]MVP: Jayden Pierre (18p/1r/3a/1s)",11/16/24
"98 Bradley 76, 305 Northern Illinois 60 [67]MVP: Duke Deen (16p/5r/5a/1s)",11/16/24
"35 Michigan St. 86, 267 Bowling Green 72 [71]MVP: Jaden Akins (13p/12r/6a/2s)",11/16/24
"85 Vanderbilt 94, 328 Jackson St. 81 [73]MVP: Tyler Nickel (15p/4r/2a/1b)",11/16/24
"113 St. Bonaventure 71, 343 Le Moyne 52 [64]MVP: Noel Brown (15p/5r/2a/2b)",11/16/24
"28 BYU 95, 293 Idaho 71 [72]MVP: Fousseyni Traore (29p/9r/2a/1b)",11/16/24
"33 VCU 83, 319 Loyola MD 57 [72]MVP: Max Shulga (20p/10r/7a/5s)",11/16/24
"63 San Francisco 82, 347 Chicago St. 37 [73]MVP: Tyrone Riley (28p/3r/3s)",11/16/24
"45 Oklahoma 85, 332 Stetson 64 [70]MVP: Kobe Elvis (24p/2r/6a/3s)",11/16/24
"27 Texas 89, 364 Mississippi Valley St. 43 [64]MVP: Arthur Kaluma (18p/7r/2a/1b/2s)",11/16/24
"299 Stony Brook 93, NR St. Joseph's NY 45 [73]MVP: CJ Luster (30p/9r/2a/2s)",11/16/24
"359 Houston Christian 84, NR Rockford 64 [67]MVP: Elijah Brooks (21p/6r/3a/1b/1s)",11/16/24
"41 Dayton 76, NR Capital 55 [65]MVP: Javon Bennett (16p/5r/5a/1s)",11/16/24
"345 Delaware St. 93, NR Cheyney 51 [73]MVP: Muneer Newton (17p/6r/1b/3s)",11/16/24
"171 UNC Greensboro 99, NR NC Wesleyan 54 [74]MVP: Akrum Ahemed (16p/4r/1a)",11/16/24
"325 Binghamton 77, NR Misericordia 48 [68]MVP: Chris Walker (14p/9r/3a/1s)",11/16/24
"255 Oral Roberts 87, NR Haskell 52 [76]MVP: Darius Robinson (19p/2r/2a/3s)",11/16/24
"187 Wright St. 92, NR Central St. 56 [67]MVP: Michael Imariagbe (15p/7r/2a/2s)",11/16/24
"170 Illinois Chicago 117, NR St. Mary's MN 59 [77]MVP: Joshua Reaves (21p/2r/4a/3s)",11/16/24
"44 Boise St. 84, 35 Clemson 71 [71]MVP: Chase Hunter (30p/6a/3s)",11/17/24
"42 Saint Mary's 77, 67 Nebraska 74 [65]MVP: Mikey Lewis (23p/4r/3a/4s)",11/17/24
"27 Mississippi St. 78, 56 Utah 73 [72]MVP: KeShawn Murphy (18p/14r/1a/2b)",11/17/24
"20 St. John's 85, 53 New Mexico 71 [70]MVP: RJ Luis (21p/11r/7a/1b)",11/17/24
"93 Liberty 68, 109 Charleston 47 [65]MVP: Zach Cleveland (20p/5r/3a/4b/3s)",11/17/24
"125 Western Kentucky 66, 126 Lipscomb 61 [75]MVP: Babacar Faye (17p/9r/1a/2b/2s)",11/17/24
"91 Princeton 68, 184 Merrimack 57 [59]MVP: Caden Pierce (18p/9r/4a)",11/17/24
"229 William & Mary 102, 174 Georgia Southern 87 [80]MVP: Noah Collier (19p/7r/3a/1b)",11/17/24
"77 Washington 74, 135 UMass Lowell 69 [70]MVP: Great Osobor (23p/18r/2a/1b/3s)",11/17/24
"138 California 71, 63 USC 66 [66]MVP: Andrej Stojakovic (20p/5r/2a/1b)",11/17/24
"309 Denver 79, 205 Montana St. 78 [77]MVP: Brandon Walker (19p/10r/2a/1s)",11/17/24
"113 Sam Houston St. 85, 276 Lamar 72 [67]MVP: Lamar Wilkerson (28p/2r/2a/2s)",11/17/24
"232 Jacksonville St. 71, 264 Coastal Carolina 53 [58]MVP: Jaron Pierre (31p/3r/3a)",11/17/24
"115 UC Santa Barbara 64, 280 San Jose St. 59 [58]MVP: Cole Anderson (18p/2r)",11/17/24
"262 North Carolina A&T 82, 311 The Citadel 73 [70]MVP: Ryan Forrest (26p/2r/1a/2s)",11/17/24
"178 Hawaii 73, 239 Weber St. 68 (OT) [71]MVP: Tanner Christensen (25p/4r/2a/1b/2s)",11/17/24
"36 Oregon 82, 116 Troy 61 [74]MVP: Keeshawn Barthelemy (15p/2a)",11/17/24
"305 Campbell 86, 259 Navy 66 [71]MVP: Jasin Sinani (24p/3r/1a/2s)",11/17/24
"351 Fairleigh Dickinson 85, 308 Manhattan 82 [69]MVP: Terrence Brown (28p/7r/1b/1s)",11/17/24
"164 Chattanooga 87, 322 Southeast Missouri 82 [80]MVP: Teddy Washington (25p/10r/4a/3s)",11/17/24
"356 Lindenwood 75, 348 Stonehill 74 [67]MVP: Anias Futrell (24p/11r/3a/2b/3s)",11/17/24
"332 Western Michigan 92, 339 Canisius 69 [69]MVP: Paul McMillan (23p/6r/4a/2s)",11/17/24
"70 Stanford 79, 161 UC Davis 65 [72]MVP: Maxime Raynaud (33p/14r/1a/2s)",11/17/24
"310 Cal Poly 82, 235 Eastern Washington 78 [78]MVP: Nic McClain (28p/3r/5a/1b/4s)",11/17/24
"266 Brown 89, 327 Sacred Heart 70 [66]MVP: Alexander Lesburt (22p/5r/4a)",11/17/24
"60 Arizona St. 81, 173 St. Thomas 66 [69]MVP: Jayden Quaintance (13p/14r/4a/3b/1s)",11/17/24
"306 Holy Cross 74, 357 New Hampshire 72 [63]MVP: Tyler Boston (12p/3r/8a/1b)",11/17/24
"167 Winthrop 77, 281 North Carolina Central 75 [69]MVP: Kelton Talford (22p/10r/2s)",11/17/24
"149 Samford 97, 278 Texas Southern 82 [76]MVP: Duane Posey (26p/12r/3a/2s)",11/17/24
"277 Robert Morris 73, 359 New Orleans 62 [73]MVP: Alvaro Folgueiras (19p/13r/4a/2s)",11/17/24
"74 Colorado 88, 261 Harvard 66 [69]MVP: Andrej Jakimovski (20p/5r/1a/1s)",11/17/24
"6 Tennessee 103, 212 Austin Peay 68 [72]MVP: Igor Milicic (23p/9r/4a/2b)",11/17/24
"16 Baylor 104, 290 Tarleton St. 41 [71]MVP: Jalen Celestine (20p/1r/2b/1s)",11/17/24
"47 Miami FL 93, 363 Coppin St. 63 [67]MVP: Brandon Johnson (14p/8r/1a/3b)",11/17/24
"279 Southern 131, NR Ecclesia 42 [86]MVP: Michael Jacobs (13p/1r/6a/3s)",11/17/24
"185 Illinois St. 107, NR Trinity Christian 52 [68]MVP: Jack Daugherty (28p/4r/2a/1s)",11/17/24
"3 Gonzaga 80, 52 San Diego St. 67 [69]MVP: Graham Ike (23p/9r/1s)",11/18/24
"110 McNeese 68, 68 North Texas 61 [64]MVP: Joe Charles (10p/9r/2b/5s)",11/18/24
"152 Bryant 85, 250 Delaware 84 [78]MVP: Barry Evans (25p/8r/3a/1s)",11/18/24
"93 Washington St. 83, 151 Northern Colorado 69 [71]MVP: Cedric Coward (30p/2r/3a)",11/18/24
"228 Howard 75, 266 FIU 70 [71]MVP: Cameron Shockley-Okeke (21p/3r/1a)",11/18/24
"299 Cal St. Fullerton 62, 237 Idaho St. 61 [62]MVP: John Mikey Square (17p/5r/3a/2b/1s)",11/18/24
"222 UNC Asheville 89, 147 North Florida 75 [67]MVP: Nate Lliteras (19p/6r/2a/2b/1s)",11/18/24
"158 Southern Illinois 69, 221 North Dakota St. 44 [65]MVP: Ali Dibba (17p/7r/2a/1b)",11/18/24
"270 Southeastern Louisiana 70, 328 Louisiana Monroe 67 [70]MVP: Jakevion Buckley (16p/2r/5a/2s)",11/18/24
"105 High Point 80, 256 American 73 [58]MVP: Abdoulaye Thiam (22p/3r/1s)",11/18/24
"62 N.C. State 72, 231 Colgate 49 [73]MVP: Ben Middlebrooks (19p/4r/1a/3b/2s)",11/18/24
"30 Michigan 94, 196 Miami OH 67 [73]MVP: Nimari Burnett (18p/3r/4a/1b/1s)",11/18/24
"1 Auburn 102, 161 North Alabama 69 [74]MVP: Johni Broome (30p/17r/1a/3b)",11/18/24
"48 Utah St. 95, 215 Montana 83 [75]MVP: Ian Martinez (32p/7r/3a/1s)",11/18/24
"29 Wisconsin 87, 235 UT Rio Grande Valley 84 [70]MVP: John Blackwell (30p/7r/3a)",11/18/24
"85 Wichita St. 70, 293 Monmouth 66 [70]MVP: Harlond Beverly (15p/6r/4a/4s)",11/18/24
"31 Arkansas 91, 268 Pacific 72 [76]MVP: Adou Thiero (23p/6r/2a/4s)",11/18/24
"148 George Washington 84, 360 NJIT 64 [67]MVP: Darren Buchanan (20p/4r/6a/4s)",11/18/24
"72 SMU 110, 346 Prairie View A&M 69 [81]MVP: Matt Cross (17p/12r/2a/2s)",11/18/24
"19 Pittsburgh 93, 340 VMI 48 [69]MVP: Jaland Lowe (11p/10r/10a/1b/1s)",11/18/24
"8 Iowa St. 87, 358 IU Indy 52 [70]MVP: Joshua Jefferson (16p/10r/4a/1s)",11/18/24
"9 Texas Tech 98, 362 Arkansas Pine Bluff 64 [72]MVP: Darrion Williams (19p/4r/4a/2s)",11/18/24
"202 South Alabama 95, NR Spring Hill 61 [70]MVP: John Broom (14p/9r/2a/1b/4s)",11/18/24
"190 South Dakota St. 89, NR Mount Marty 41 [61]MVP: Oscar Cluff (14p/9r/2a)",11/18/24
"82 Louisiana Tech 105, NR Mississippi College 67 [78]MVP: Daniel Batcho (38p/8r/1a/1b/2s)",11/18/24
"205 Radford 96, NR Southern Virginia 50 [76]MVP: Josiah Harris (12p/7r/1a/3b/1s)",11/18/24
"102 UAB 109, NR Auburn Montgomery 64 [86]MVP: Ja'Borri McGhee (25p/4r/6a/2s)",11/18/24
"361 Maryland Eastern Shore 113, NR Gallaudet 58 [82]MVP: Kyrell Shaw (31p/4r/1a/1s)",11/18/24
"216 Kansas City 119, NR Calvary 19 [75]MVP: Jamar Brown (22p/7r/1a/1b/2s)",11/18/24
"257 Alabama St. 115, NR Virginia Lynchburg 64 [84]MVP: CJ Hines (21p/3r/3a/3s)",11/18/24
"217 Georgia St. 106, NR Toccoa Falls 66 [77]MVP: Jelani Hamilton (30p/7r/1a/4s)",11/18/24
"21 Marquette 76, 12 Purdue 58 [68]MVP: Stevie Mitchell (21p/2r/1b/4s)",11/19/24
"123 Santa Clara 96, 140 UC Riverside 54 [68]MVP: Christoph Tilly (20p/5r/5a/3b/2s)",11/19/24
"193 Missouri St. 78, 170 UT Arlington 68 [71]MVP: Jalen Hampton (12p/12r/1a/2s)",11/19/24
"90 Florida St. 79, 133 Hofstra 61 [69]MVP: Malique Ewin (13p/6r/2a/1b/3s)",11/19/24
"224 Milwaukee 80, 194 Duquesne 74 [69]MVP: Kentrell Pullian (22p/7r/2a/4s)",11/19/24
"283 Green Bay 82, 232 SIUE 57 [71]MVP: Anthony Roy (34p/6r/4a/5s)",11/19/24
"195 Drexel 67, 284 Fairfield 61 [64]MVP: Yame Butler (14p/4r/1b)",11/19/24
"228 Rice 83, 181 Louisiana 61 [64]MVP: Trae Broadnax (14p/9r/6a/1b/1s)",11/19/24
"233 Quinnipiac 74, 304 Navy 63 [67]MVP: Sam Krist (15p/3r/1b/2s)",11/19/24
"11 Cincinnati 76, 186 Northern Kentucky 60 [65]MVP: Simas Lukosius (18p/3r/3a)",11/19/24
"176 Longwood 66, 326 Binghamton 60 [62]MVP: K.J. McClurg (20p/5r/1s)",11/19/24
"325 Hampton 78, 286 UMBC 68 [64]MVP: Noah Farrakhan (19p/4r/3a/1s)",11/19/24
"305 Wagner 60, 253 Boston University 58 [60]MVP: Zaire Williams (18p/3a/5s)",11/19/24
"236 Eastern Kentucky 86, 350 Chicago St. 66 [76]MVP: Yvens Paul (11p/7r/1a/2b/2s)",11/19/24
"38 Michigan St. 83, 147 Samford 75 [71]MVP: Jase Richardson (12p/3r/3a/1b/4s)",11/19/24
"150 Belmont 90, 260 Oral Roberts 80 [78]MVP: Sam Alajiki (28p/6r/1a/2b/1s)",11/19/24
"136 Charlotte 60, 231 Gardner Webb 54 [64]MVP: Giancarlo Rosado (12p/8r/5a/1b/1s)",11/19/24
"75 Minnesota 58, 192 Cleveland St. 47 [65]MVP: Parker Fox (18p/2r/2a/1s)",11/19/24
"22 Kentucky 97, 129 Lipscomb 68 [71]MVP: Jaxson Robinson (20p/7r)",11/19/24
"159 Tulane 72, 271 Bethune Cookman 57 [69]MVP: Kaleb Banks (22p/10r/1a/2b/1s)",11/19/24
"83 Loyola Chicago 76, 212 Southern Utah 72 [66]MVP: Kymany Houinsou (11p/6r/2a/1b/2s)",11/19/24
"184 Appalachian St. 65, 298 Queens 53 [65]MVP: CJ Huntley (27p/8r/1a/1s)",11/19/24
"254 Bowling Green 76, 332 Niagara 68 [63]MVP: Marcus Johnson (24p/5r/3a/1s)",11/19/24
"51 Northwestern 72, 222 Montana St. 69 [64]MVP: Brooks Barnhizer (20p/10r/4a/1b/3s)",11/19/24
"122 Troy 84, 339 West Georgia 65 [64]MVP: Victor Valdes (15p/1r/2a/2s)",11/19/24
"239 Marist 75, 348 Dartmouth 62 [71]MVP: Jadin Collins-Roberts (13p/9r/5a/1b/2s)",11/19/24
"7 Kansas 84, 160 UNC Wilmington 66 [70]MVP: Dajuan Harris (17p/3r/6a/2s)",11/19/24
"52 Notre Dame 75, 242 North Dakota 58 [68]MVP: Markus Burton (29p/9r/3a/2s)",11/19/24
"144 Boston College 82, 319 Loyola MD 61 [65]MVP: Donald Hand (15p/14r/3a/2s)",11/19/24
"73 Villanova 93, 263 Penn 49 [65]MVP: Eric Dixon (23p/6r/2a/1s)",11/19/24
"130 Northern Iowa 82, 321 Western Illinois 56 [63]MVP: Trey Campbell (18p/3r/4a/1s)",11/19/24
"45 Iowa 83, 238 Rider 58 [72]MVP: Payton Sandfort (22p/6r/3a/1b/1s)",11/19/24
"127 Vermont 78, 334 Buffalo 67 [65]MVP: Ileri Ayo-Faleye (18p/5r/2b)",11/19/24
"112 DePaul 78, 324 Eastern Illinois 69 [69]MVP: Kooper Jacobi (22p/8r/1s)",11/19/24
"78 Wake Forest 82, 288 Western Carolina 69 [70]MVP: Cameron Hildreth (18p/3r/6a/2s)",11/19/24
"26 Ohio St. 80, 267 Evansville 30 [68]MVP: Devin Royal (20p/12r/1s)",11/19/24
"41 LSU 77, 316 Charleston Southern 68 [67]MVP: Vyctorius Miller (19p/1a/2s)",11/19/24
"68 Louisville 100, 330 Bellarmine 68 [74]MVP: Terrence Edwards (26p/4r/3a)",11/19/24
"81 Providence 78, 340 Delaware St. 48 [60]MVP: Oswin Erhunmwunse (13p/6r/1b)",11/19/24
"56 UCF 80, 337 Tennessee Tech 69 [67]MVP: Keyshawn Hall (20p/8r/5a/1s)",11/19/24
"67 Georgia 93, 343 Alabama A&M 45 [72]MVP: Asa Newell (17p/6r/2a/2s)",11/19/24
"20 Florida 84, 355 Florida A&M 60 [69]MVP: Alijah Martin (14p/9r/4a/1s)",11/19/24
"62 TCU 71, 353 Alcorn St. 48 [65]MVP: David Punch (10p/7r/1a/5b)",11/19/24
"37 Maryland 108, 351 Canisius 37 [76]MVP: Julian Reese (20p/12r/1a/1s)",11/19/24
"5 Connecticut 81, 352 Texas A&M Commerce 46 [72]MVP: Alex Karaban (11p/3r/3a/1b/2s)",11/19/24
"65 Kansas St. 74, 364 Mississippi Valley St. 56 [66]MVP: Ugonna Onyenso (16p/4r/1b)",11/19/24
"166 Fordham 101, NR Georgian Court 61 [78]MVP: Jaden Smith (14p/13r/1a/1b/1s)",11/19/24
"311 Old Dominion 71, NR Randolph Macon 55 [70]MVP: Sean Durugordon (17p/10r/1a/1b/1s)",11/19/24
"294 Tennessee St. 110, NR East West 33 [86]MVP: Antoine Lorick (33p/14r/4a/2b/1s)",11/19/24
"258 Northern Arizona 82, NR Embry Riddle 47 [63]MVP: Trent McLaughlin (21p/5r/5a/3s)",11/19/24
"289 Idaho 101, NR Evergreen St. 58 [72]MVP: Julius Mims (21p/6r/1a/1b/1s)",11/19/24
"327 USC Upstate 95, NR Southern Wesleyan 63 [80]MVP: Mister Dean (21p/9r/2s)",11/19/24
"299 Northwestern St. 121, NR John Melvin 49 [78]MVP: Dontae Walker (29p/6r/4a)",11/19/24
"344 Mercyhurst 98, NR Mount Aloysius 45 [78]MVP: Jeff Planutis (19p/2r/1a)",11/19/24